Date,AMZN,BA,DIS,IBM,KO,MSFT
2013-12-31,398.79,117.86,70.73,151.07,34.58,32.91
2014-01-02,397.97,118.01,70.61,149.42,34.04,32.69
2014-01-03,396.44,118.83,70.46,150.32,33.87,32.47
2014-01-06,393.63,119.52,70.2,149.8,33.71,31.78
2014-01-07,398.03,121.33,70.68,152.79,33.81,32.03
2014-01-08,401.92,121.6,69.64,151.39,33.43,31.46
2014-01-09,401.01,122.73,69.34,150.91,33.26,31.26
2014-01-10,397.66,122.53,69.8,150.82,33.59,31.71
2014-01-13,390.98,121.49,67.84,148.32,33.09,30.77
2014-01-14,397.54,120.9,68.93,149.74,33.23,31.48
2014-01-15,395.87,121.43,68.77,151.2,33.28,32.34
2014-01-16,395.8,121.07,68.71,152.03,33.24,32.45
2014-01-17,399.61,121.29,68.49,153.1,32.88,32.0
2014-01-21,407.05,122.33,68.7,151.76,33.42,31.82
2014-01-22,404.54,124.66,69.72,146.78,33.4,31.61
2014-01-23,399.87,122.02,69.24,147.17,32.85,31.72
2014-01-24,387.6,118.0,67.33,144.68,32.51,32.38
2014-01-27,386.28,118.61,66.89,143.28,32.42,31.7
2014-01-28,394.43,118.38,67.47,142.43,32.54,31.91
2014-01-29,384.2,112.07,66.04,142.07,31.73,32.25
2014-01-30,403.01,109.26,67.79,142.84,31.95,32.43
2014-01-31,358.69,108.16,67.22,142.3,31.66,33.29
2014-02-03,346.15,106.28,64.8,139.25,31.14,32.09
2014-02-04,347.95,105.38,65.78,139.2,31.38,31.98
2014-02-05,346.45,104.83,66.44,140.33,31.48,31.51
2014-02-06,354.59,105.93,69.96,141.45,31.84,31.83
2014-02-07,361.08,109.68,70.06,143.54,31.77,32.16
2014-02-10,360.87,109.8,71.34,143.45,32.29,32.37
2014-02-11,361.79,112.39,72.02,145.52,32.35,32.7
2014-02-12,349.25,111.26,72.13,145.96,32.24,32.96
2014-02-13,357.2,112.45,72.12,147.25,32.35,33.09
2014-02-14,357.35,113.03,73.35,148.75,32.59,33.1
2014-02-18,353.65,113.44,73.68,148.35,31.37,33.17
2014-02-19,347.38,111.49,73.02,148.15,31.06,33.25
2014-02-20,349.8,112.51,73.32,149.21,31.22,33.46
2014-02-21,346.76,111.39,74.19,148.02,31.12,33.66
2014-02-24,351.78,112.53,74.74,148.56,31.39,33.41
2014-02-25,358.32,110.09,74.26,148.38,31.62,33.27
2014-02-26,359.8,109.94,74.14,149.05,31.7,33.21
2014-02-27,360.13,111.64,74.51,150.03,31.87,33.56
2014-02-28,362.1,111.95,74.82,149.95,31.98,33.95
2014-03-03,359.78,111.34,73.57,149.21,31.91,33.49
2014-03-04,363.9,113.09,75.65,150.98,32.07,34.04
2014-03-05,372.37,111.84,76.55,151.55,32.1,33.78
2014-03-06,372.16,111.9,77.16,151.95,32.2,33.81
2014-03-07,372.06,111.62,76.11,151.98,32.27,33.59
2014-03-10,370.53,110.19,75.89,150.94,32.35,33.52
2014-03-11,368.82,109.13,75.04,151.24,32.48,33.7
2014-03-12,370.64,108.05,75.34,150.8,32.46,33.92
2014-03-13,371.51,105.85,74.0,148.92,32.04,33.58
2014-03-14,373.74,106.91,74.13,147.55,32.21,33.41
2014-03-17,375.04,108.91,75.35,150.47,32.29,33.72
2014-03-18,378.77,107.71,75.91,151.28,32.4,35.05
2014-03-19,373.23,106.15,74.55,149.58,32.18,34.81
2014-03-20,368.97,107.44,74.82,152.16,32.44,35.75
2014-03-21,360.62,106.44,74.39,151.17,32.43,35.59
2014-03-24,351.85,107.17,73.59,152.45,32.4,35.9
2014-03-25,354.71,107.7,73.65,157.94,32.59,35.75
2014-03-26,343.41,107.27,72.79,155.98,32.58,35.27
2014-03-27,338.47,106.99,72.66,153.73,32.75,34.89
2014-03-28,338.29,108.08,73.13,154.23,32.86,35.72
2014-03-31,336.37,108.97,74.13,155.88,32.62,36.33
2014-04-01,342.99,111.33,75.52,157.51,32.41,36.71
2014-04-02,341.96,111.42,75.61,156.74,32.34,36.65
2014-04-03,333.62,111.83,75.63,156.04,32.12,36.35
2014-04-04,323.0,110.61,74.46,155.3,32.25,35.34
2014-04-07,317.76,109.06,73.26,157.52,32.59,35.28
2014-04-08,327.07,107.81,73.67,156.53,32.82,35.29
2014-04-09,331.81,110.18,74.5,159.24,32.9,35.87
2014-04-10,317.11,107.37,71.76,158.46,32.81,34.89
2014-04-11,311.73,106.0,71.3,158.07,32.59,34.75
2014-04-14,315.91,107.03,71.86,160.15,32.68,34.73
2014-04-15,316.08,107.91,71.9,159.55,33.9,35.23
2014-04-16,323.68,109.45,73.09,159.05,34.25,35.81
2014-04-17,324.91,111.08,74.06,153.87,34.36,35.46
2014-04-21,330.87,111.0,73.24,155.7,34.38,35.4
2014-04-22,329.32,110.76,73.56,155.6,34.35,35.44
2014-04-23,324.58,113.44,73.62,155.26,34.37,35.18
2014-04-24,337.15,112.77,73.69,154.04,34.34,35.33
2014-04-25,303.83,111.72,72.43,153.56,34.6,35.37
2014-04-28,296.58,110.32,72.01,156.41,34.62,36.22
2014-04-29,300.38,111.47,72.81,158.0,34.23,35.9
2014-04-30,304.13,112.04,73.46,159.1,34.42,35.81
2014-05-01,307.89,111.55,73.66,156.72,34.41,35.45
2014-05-02,308.01,112.84,74.35,155.03,34.55,35.18
2014-05-05,310.05,114.59,75.2,154.88,34.39,34.95
2014-05-06,297.38,113.61,75.02,153.89,34.16,34.62
2014-05-07,292.71,113.83,74.33,154.19,34.52,34.94
2014-05-08,288.32,114.02,75.55,153.87,34.37,35.13
2014-05-09,292.24,114.48,75.87,154.82,34.48,35.05
2014-05-12,302.86,115.79,76.31,156.85,34.44,35.43
2014-05-13,304.64,116.53,75.99,156.54,34.69,36.08
2014-05-14,297.62,116.13,74.92,153.72,34.5,35.92
2014-05-15,295.19,114.58,74.21,151.88,34.19,35.35
2014-05-16,297.7,114.23,74.43,152.36,34.5,35.55
2014-05-19,296.76,114.7,75.04,152.32,34.35,35.48
2014-05-20,301.19,113.15,75.08,150.6,34.24,35.42
2014-05-21,305.01,114.36,76.09,151.82,34.48,36.02
2014-05-22,304.91,115.13,76.24,151.24,34.24,35.79
2014-05-23,312.24,115.63,77.14,151.45,34.24,35.81
2014-05-27,310.82,117.16,77.53,150.51,34.4,35.87
2014-05-28,310.16,117.3,77.4,149.12,34.24,35.71
2014-05-29,313.78,118.01,77.8,149.68,34.31,36.01
2014-05-30,312.55,118.11,77.78,150.16,34.52,36.54
2014-06-02,308.84,118.67,78.02,151.25,34.48,36.41
2014-06-03,307.19,118.66,77.66,150.17,34.49,35.96
2014-06-04,306.78,118.18,77.99,150.29,34.42,35.99
2014-06-05,323.57,119.48,78.49,151.48,34.5,36.78
2014-06-06,329.67,120.73,78.33,151.8,34.59,37.02
2014-06-09,327.5,120.47,79.14,151.68,34.52,36.84
2014-06-10,332.41,119.85,78.46,150.11,34.65,36.69
2014-06-11,335.2,117.1,78.06,148.45,34.48,36.47
2014-06-12,325.91,115.43,76.66,147.61,34.36,36.22
2014-06-13,326.27,115.52,76.66,148.7,34.32,36.8
2014-06-16,327.62,115.74,77.12,148.53,34.57,37.04
2014-06-17,325.62,115.66,76.99,148.45,34.79,37.2
2014-06-18,334.38,115.69,77.38,149.55,35.33,37.18
2014-06-19,327.0,115.98,77.56,148.91,35.53,37.05
2014-06-20,324.2,115.36,76.68,147.88,35.44,37.2
2014-06-23,327.24,114.26,76.62,148.36,35.47,37.48
2014-06-24,324.16,112.78,76.55,147.33,35.58,37.26
2014-06-25,327.44,110.95,77.68,147.2,35.67,37.51
2014-06-26,325.69,111.79,78.19,146.91,35.73,37.24
2014-06-27,324.57,112.25,78.97,148.01,35.87,37.71
2014-06-30,324.78,111.1,79.38,147.65,36.01,37.22
2014-07-01,332.39,111.91,80.06,151.79,35.95,37.37
2014-07-02,332.85,111.44,80.03,153.45,35.95,37.4
2014-07-03,337.49,112.22,80.4,153.56,35.9,37.31
2014-07-07,333.55,112.73,80.17,153.16,35.82,37.48
2014-07-08,323.81,110.72,79.49,152.49,35.65,37.29
2014-07-09,329.97,110.72,80.75,153.47,35.66,37.19
2014-07-10,327.92,110.72,80.42,152.89,35.93,37.21
2014-07-11,346.2,111.85,80.45,153.13,35.68,37.57
2014-07-14,355.32,113.1,80.33,154.64,36.03,37.61
2014-07-15,354.44,112.74,79.76,153.53,35.79,37.89
2014-07-16,355.9,111.27,79.02,156.68,35.81,39.34
2014-07-17,352.45,109.92,78.72,156.79,35.72,39.75
2014-07-18,358.66,111.46,79.45,156.79,36.07,39.89
2014-07-21,359.76,112.04,79.38,155.45,36.04,40.02
2014-07-22,360.84,113.29,79.82,158.09,35.02,40.01
2014-07-23,358.14,110.65,79.66,157.72,34.69,40.05
2014-07-24,358.61,108.63,80.36,159.03,34.83,39.63
2014-07-25,324.01,107.58,79.83,158.34,34.85,39.72
2014-07-28,320.41,107.46,80.69,159.47,34.58,39.25
2014-07-29,320.0,106.82,79.81,158.48,34.3,39.18
2014-07-30,322.51,106.79,80.74,158.02,33.68,38.9
2014-07-31,312.99,105.21,79.51,156.12,33.4,38.52
2014-08-01,307.06,105.12,79.05,154.07,33.4,38.26
2014-08-04,313.65,104.73,80.77,154.47,33.49,38.71
2014-08-05,312.32,105.9,80.32,152.4,33.31,38.45
2014-08-06,313.89,103.97,80.17,152.37,33.94,38.15
2014-08-07,311.45,105.28,79.17,151.0,33.45,38.59
2014-08-08,316.8,105.98,80.41,152.91,33.54,38.56
2014-08-11,318.33,106.13,81.01,153.6,33.64,38.56
2014-08-12,319.32,105.84,80.74,153.49,33.73,38.84
2014-08-13,326.28,107.16,81.1,153.99,33.95,39.34
2014-08-14,333.21,109.03,82.04,153.94,34.16,39.51
2014-08-15,333.63,108.2,82.66,153.53,34.75,39.98
2014-08-18,334.53,109.8,83.3,155.15,35.15,40.26
2014-08-19,335.13,110.33,83.41,155.73,35.08,40.71
2014-08-20,335.78,111.88,83.18,155.76,35.07,40.37
2014-08-21,332.91,112.01,83.68,156.68,35.2,40.61
2014-08-22,331.59,111.98,83.78,156.01,34.96,40.55
2014-08-25,334.02,112.74,83.68,156.62,35.2,40.57
2014-08-26,341.83,112.98,83.34,158.12,35.36,40.43
2014-08-27,343.18,112.63,83.67,157.52,35.36,40.3
2014-08-28,340.02,111.67,83.54,157.31,35.39,40.31
2014-08-29,339.04,111.4,83.21,157.56,35.47,40.8
2014-09-02,342.38,110.24,84.07,156.95,35.4,40.5
2014-09-03,339.0,110.64,84.19,157.27,35.52,40.38
2014-09-04,345.95,110.22,83.45,156.23,35.59,40.65
2014-09-05,346.38,109.54,84.19,156.66,35.57,41.23
2014-09-08,342.34,112.43,83.84,155.79,35.52,41.74
2014-09-09,329.75,112.64,82.95,155.67,35.65,42.0
2014-09-10,331.33,112.65,82.88,156.94,35.85,42.07
2014-09-11,330.52,112.14,83.3,157.08,35.92,42.21
2014-09-12,331.19,111.53,83.02,156.72,35.5,41.94
2014-09-15,323.89,110.97,83.4,157.16,35.54,41.53
2014-09-16,327.76,111.85,83.57,158.1,35.66,42.0
2014-09-17,324.0,112.24,83.63,157.97,35.63,41.78
2014-09-18,325.0,112.96,83.64,158.75,35.78,41.93
2014-09-19,331.32,113.64,83.78,158.95,36.01,42.68
2014-09-22,324.5,112.99,82.67,158.22,36.15,42.27
2014-09-23,323.63,111.91,81.76,157.0,35.87,41.82
2014-09-24,328.21,112.96,82.82,157.57,36.2,42.28
2014-09-25,321.93,111.7,81.54,154.86,35.78,41.35
2014-09-26,323.21,113.06,82.16,155.72,36.14,41.68
2014-09-29,321.82,113.13,82.24,155.38,36.18,41.71
2014-09-30,322.44,111.91,82.43,155.53,36.53,41.64
2014-10-01,317.46,109.53,81.0,153.36,36.6,41.23
2014-10-02,318.41,109.09,80.35,153.14,36.53,41.1
2014-10-03,322.74,111.01,81.89,154.58,36.82,41.4
2014-10-06,322.2,110.92,81.99,154.89,37.33,41.4
2014-10-07,316.98,108.34,80.65,152.16,37.61,40.89
2014-10-08,322.7,109.8,81.57,155.15,38.15,42.02
2014-10-09,315.37,107.85,79.35,152.74,37.57,41.18
2014-10-10,311.39,106.74,79.87,152.34,38.08,39.55
2014-10-13,306.45,105.82,77.69,150.36,37.74,39.2
2014-10-14,308.31,107.44,77.9,150.59,37.37,39.28
2014-10-15,305.97,105.59,75.99,148.91,37.02,38.82
2014-10-16,302.86,105.68,75.68,147.35,36.44,38.39
2014-10-17,303.64,108.27,77.61,149.16,36.72,39.19
2014-10-20,306.21,109.21,79.18,138.55,37.07,39.59
2014-10-21,315.33,111.68,81.05,133.74,34.83,40.31
2014-10-22,312.97,106.7,80.64,132.56,34.78,39.86
2014-10-23,313.18,107.21,81.46,132.88,34.99,40.43
2014-10-24,287.06,107.39,82.04,132.8,35.13,41.43
2014-10-27,289.97,107.29,81.89,132.63,34.9,41.23
2014-10-28,295.59,108.6,83.26,134.04,34.73,41.75
2014-10-29,294.12,108.13,82.89,133.93,35.07,41.87
2014-10-30,299.07,108.78,83.53,134.66,35.45,41.36
2014-10-31,305.46,109.74,84.6,134.7,35.86,42.17
2014-11-03,305.72,110.72,84.91,134.67,35.8,42.61
2014-11-04,302.81,110.55,83.65,133.27,35.81,42.72
2014-11-05,296.52,109.77,84.25,132.58,36.23,42.99
2014-11-06,296.64,110.09,85.18,133.2,36.21,43.74
2014-11-07,299.86,109.97,83.32,133.7,36.24,43.72
2014-11-10,305.11,110.14,83.12,134.87,36.3,43.91
2014-11-11,312.01,110.78,83.31,134.71,36.4,43.89
2014-11-12,311.51,111.23,83.23,133.57,36.57,43.81
2014-11-13,316.48,113.58,83.78,134.29,36.64,44.56
2014-11-14,327.82,113.87,84.07,135.42,36.59,44.53
2014-11-17,323.05,113.48,83.7,135.42,36.75,44.42
2014-11-18,324.93,115.46,83.58,133.55,37.27,44.05
2014-11-19,326.54,116.3,83.16,133.17,37.87,43.58
2014-11-20,330.54,116.38,82.31,132.52,37.89,44.02
2014-11-21,332.63,117.33,82.36,132.75,38.11,43.36
2014-11-24,335.64,118.95,83.86,133.76,37.91,43.01
2014-11-25,335.04,119.13,84.85,133.44,38.05,42.9
2014-11-26,333.57,119.1,85.1,133.6,38.19,43.16
2014-11-28,338.64,118.73,85.65,133.78,38.65,43.21
2014-12-01,326.0,116.99,85.82,133.26,38.41,43.94
2014-12-02,326.31,116.89,86.54,134.19,38.4,43.8
2014-12-03,316.5,116.62,86.2,135.72,37.76,43.46
2014-12-04,316.93,116.04,86.32,135.33,37.51,44.14
2014-12-05,312.63,116.83,86.81,134.69,37.53,43.76
2014-12-08,306.64,115.12,86.84,133.53,37.2,43.11
2014-12-09,312.5,114.58,86.05,134.46,36.25,43.01
2014-12-10,305.84,110.14,84.83,132.41,35.87,42.39
2014-12-11,307.36,109.02,86.02,132.87,35.81,42.63
2014-12-12,307.32,106.72,85.78,128.18,35.27,42.43
2014-12-15,306.07,107.88,85.23,126.27,34.98,42.18
2014-12-16,295.06,109.79,84.54,124.9,34.82,40.82
2014-12-17,298.88,110.51,85.68,125.33,35.82,41.34
2014-12-18,297.73,111.05,86.83,130.08,36.55,42.95
2014-12-19,299.9,111.54,87.09,130.76,36.17,43.08
2014-12-22,306.54,113.3,88.32,133.18,36.51,43.36
2014-12-23,306.29,114.9,88.78,133.84,37.05,43.79
2014-12-24,303.03,115.97,88.53,133.49,37.02,43.51
2014-12-26,309.09,116.32,89.1,133.92,37.04,43.27
2014-12-29,312.04,116.9,89.54,132.41,36.95,42.89
2014-12-30,310.3,116.49,88.79,132.03,36.87,42.5
2014-12-31,310.35,114.86,88.31,132.35,36.4,41.98
2015-01-02,308.52,114.83,87.9,133.69,36.33,42.26
2015-01-05,302.19,114.04,86.62,131.59,36.33,41.87
2015-01-06,295.29,112.69,86.16,128.75,36.61,41.26
2015-01-07,298.42,114.44,87.04,127.91,37.07,41.78
2015-01-08,300.46,116.47,87.94,130.69,37.51,43.01
2015-01-09,296.93,116.24,88.37,131.26,37.1,42.65
2015-01-12,291.41,115.64,88.57,129.05,36.76,42.12
2015-01-13,294.74,115.91,89.25,129.36,36.76,41.9
2015-01-14,293.27,115.21,88.35,128.53,36.7,41.54
2015-01-15,286.95,115.0,88.46,127.51,36.54,41.11
2015-01-16,290.74,115.56,89.24,129.63,36.67,41.79
2015-01-20,289.44,115.95,88.83,129.47,37.21,41.93
2015-01-21,297.25,117.01,88.29,125.47,37.39,41.5
2015-01-22,310.32,119.86,89.21,128.19,37.75,42.6
2015-01-23,312.39,118.96,88.81,128.58,37.34,42.64
2015-01-26,309.66,118.47,89.04,128.99,37.08,42.49
2015-01-27,306.75,117.07,88.11,126.77,36.55,38.56
2015-01-28,303.91,123.39,86.89,125.02,36.14,37.23
2015-01-29,311.78,130.59,87.4,128.26,36.3,37.97
2015-01-30,354.53,128.46,85.28,126.47,35.5,36.51
2015-02-02,364.47,129.24,86.19,127.59,35.86,37.31
2015-02-03,363.55,130.2,88.23,130.73,35.89,37.6
2015-02-04,364.75,130.09,94.96,129.48,35.94,37.82
2015-02-05,373.89,131.31,96.23,130.27,36.03,38.37
2015-02-06,374.28,130.78,95.65,130.19,35.74,38.33
2015-02-09,370.56,130.41,95.38,129.39,35.55,38.29
2015-02-10,373.0,130.82,95.56,131.72,36.56,38.5
2015-02-11,375.14,131.52,95.51,131.42,36.53,38.3
2015-02-12,377.17,131.67,97.12,131.69,36.36,38.95
2015-02-13,381.83,133.13,97.67,133.25,36.2,39.65
2015-02-17,375.43,133.3,97.62,133.71,36.05,39.67
2015-02-18,373.37,134.41,97.38,134.74,35.98,39.62
2015-02-19,379.0,136.7,97.41,136.15,36.31,39.6
2015-02-20,383.66,140.76,98.03,135.95,36.19,39.92
2015-02-23,380.14,137.58,98.44,135.33,36.08,40.19
2015-02-24,378.59,137.26,98.14,136.93,36.33,40.13
2015-02-25,385.37,136.04,98.98,135.25,36.26,40.04
2015-02-26,384.8,134.91,98.04,133.64,36.61,40.11
2015-02-27,380.16,134.12,97.59,134.53,37.33,39.91
2015-03-02,385.66,136.75,99.28,133.32,37.25,39.94
2015-03-03,384.61,138.32,99.71,133.77,37.03,39.4
2015-03-04,382.72,137.24,98.98,132.44,36.64,39.2
2015-03-05,387.83,137.34,98.48,133.9,36.56,39.24
2015-03-06,380.09,136.14,97.34,131.67,35.8,38.56
2015-03-09,378.56,137.59,98.69,133.56,35.69,39.0
2015-03-10,369.51,135.52,96.66,131.1,35.08,38.26
2015-03-11,366.37,134.41,96.47,130.26,34.57,38.21
2015-03-12,374.24,135.18,100.48,131.24,35.27,37.34
2015-03-13,370.58,134.76,99.8,128.17,34.7,37.67
2015-03-16,373.35,136.63,100.67,130.49,35.03,37.83
2015-03-17,371.92,137.38,100.29,130.39,35.22,37.96
2015-03-18,375.14,138.46,101.23,132.76,35.3,38.69
2015-03-19,373.24,137.02,100.67,132.76,34.79,38.49
2015-03-20,378.49,137.37,101.66,135.31,35.34,39.03
2015-03-23,375.11,135.87,101.47,136.76,35.31,39.01
2015-03-24,374.09,134.84,100.43,135.41,35.18,39.05
2015-03-25,370.96,131.79,98.45,132.25,35.17,37.74
2015-03-26,367.35,131.74,98.67,133.41,35.08,37.51
2015-03-27,370.56,132.35,98.9,133.25,34.84,37.29
2015-03-30,374.59,135.77,99.5,135.13,35.22,37.28
2015-03-31,372.1,133.44,98.34,133.33,35.25,37.01
2015-04-01,370.26,132.16,98.86,132.24,35.37,37.07
2015-04-02,372.25,132.73,99.39,133.29,35.37,36.67
2015-04-06,377.04,134.2,99.04,134.61,35.79,37.82
2015-04-07,374.41,135.43,98.85,134.64,35.65,37.8
2015-04-08,381.2,136.36,99.72,134.45,35.55,37.7
2015-04-09,383.54,136.41,100.11,134.86,35.69,37.76
2015-04-10,382.65,137.26,100.28,135.29,35.54,37.98
2015-04-13,382.36,136.25,99.86,134.89,35.38,38.01
2015-04-14,385.11,136.22,100.0,134.83,35.22,37.91
2015-04-15,383.45,135.53,100.3,136.35,35.12,38.47
2015-04-16,386.04,135.12,101.35,135.52,35.3,38.38
2015-04-17,375.56,133.01,100.03,133.47,35.04,37.88
2015-04-20,389.51,135.74,101.47,138.03,35.35,39.06
2015-04-21,391.18,136.33,100.96,136.46,35.45,38.81
2015-04-22,389.8,134.43,101.2,137.37,35.91,39.13
2015-04-23,389.99,133.25,102.2,141.42,35.6,39.45
2015-04-24,445.1,131.95,102.7,141.04,35.55,43.57
2015-04-27,438.56,131.41,103.29,141.83,35.5,43.72
2015-04-28,429.31,131.15,103.06,144.48,35.44,44.75
2015-04-29,429.37,129.95,102.96,144.88,35.2,44.66
2015-04-30,421.78,127.45,101.94,142.3,35.26,44.27
2015-05-01,422.87,128.63,103.62,144.27,35.57,44.29
2015-05-04,423.04,128.05,104.1,144.52,35.61,43.91
2015-05-05,421.19,127.06,103.9,143.78,35.43,43.33
2015-05-06,419.1,126.21,102.87,142.33,35.35,42.13
2015-05-07,426.88,126.61,102.44,144.22,35.38,42.51
2015-05-08,433.69,130.16,103.24,145.65,35.63,43.46
2015-05-11,432.85,130.55,101.82,144.33,35.59,43.12
2015-05-12,431.02,130.13,102.42,143.85,35.37,43.1
2015-05-13,426.87,130.3,102.38,145.31,35.69,43.35
2015-05-14,432.28,132.4,103.07,146.81,36.08,44.35
2015-05-15,426.0,131.43,103.42,146.14,36.1,43.96
2015-05-18,425.24,131.28,103.45,145.97,35.92,43.7
2015-05-19,421.71,131.58,103.66,146.32,35.91,43.59
2015-05-20,423.86,131.02,103.32,146.56,35.95,43.59
2015-05-21,431.63,131.85,103.5,146.21,35.84,43.44
2015-05-22,427.63,129.58,103.38,145.26,35.83,42.97
2015-05-26,425.47,127.78,102.61,143.5,35.64,42.68
2015-05-27,431.42,127.96,103.48,145.08,35.75,43.62
2015-05-28,426.57,127.36,103.63,144.83,35.77,43.47
2015-05-29,429.23,125.74,103.48,143.09,35.61,42.93
2015-06-01,430.92,126.39,104.04,143.54,35.59,43.27
2015-06-02,430.99,128.18,103.84,143.09,35.64,42.99
2015-06-03,436.59,128.68,104.23,143.32,35.53,42.92
2015-06-04,430.78,126.34,103.42,142.02,35.29,42.47
2015-06-05,426.95,125.93,103.42,141.2,34.86,42.27
2015-06-08,423.5,125.85,102.47,139.46,34.91,41.9
2015-06-09,425.48,125.36,101.75,139.75,34.95,41.82
2015-06-10,430.77,126.72,103.14,142.48,35.06,42.7
2015-06-11,432.97,127.92,103.72,142.36,35.15,42.55
2015-06-12,429.92,127.78,103.09,140.85,35.03,42.12
2015-06-15,423.67,127.32,103.3,140.23,34.7,41.67
2015-06-16,427.26,127.37,104.13,140.72,35.13,41.99
2015-06-17,427.81,128.34,104.53,141.0,35.3,42.12
2015-06-18,439.39,130.09,106.15,141.91,35.63,42.8
2015-06-19,434.92,129.87,105.59,140.85,35.41,42.24
2015-06-22,436.29,130.38,106.45,141.47,35.48,42.35
2015-06-23,445.99,129.24,107.27,142.23,35.39,42.06
2015-06-24,440.84,127.96,106.67,140.83,35.23,41.81
2015-06-25,440.1,127.47,107.31,140.08,35.08,41.82
2015-06-26,438.1,127.49,107.81,139.56,35.06,41.47
2015-06-29,429.86,124.14,106.0,137.46,34.54,40.65
2015-06-30,434.09,124.13,107.02,137.2,34.39,40.45
2015-07-01,437.39,125.93,108.57,138.74,34.62,40.72
2015-07-02,437.71,125.46,108.42,139.25,34.61,40.68
2015-07-06,436.04,125.74,109.11,138.94,34.55,40.67
2015-07-07,436.72,128.09,110.43,139.17,35.28,40.59
2015-07-08,429.7,126.99,108.63,137.62,34.94,40.53
2015-07-09,434.39,127.78,109.02,138.2,34.99,40.79
2015-07-10,443.51,129.28,109.81,140.82,35.4,40.87
2015-07-13,455.57,131.2,111.33,142.87,35.64,41.72
2015-07-14,465.57,132.21,111.14,142.22,36.09,41.8
2015-07-15,461.19,131.44,111.56,142.15,36.05,41.92
2015-07-16,475.48,132.87,112.29,144.23,36.36,42.75
2015-07-17,483.01,131.4,112.09,145.51,36.16,42.71
2015-07-20,488.1,131.29,112.77,146.11,36.27,42.99
2015-07-21,488.0,129.75,112.52,137.54,36.1,43.32
2015-07-22,488.27,131.06,112.53,135.25,35.85,41.72
2015-07-23,482.18,130.74,112.03,136.41,35.8,42.24
2015-07-24,529.42,128.91,112.14,134.74,35.45,42.09
2015-07-27,531.41,126.2,111.52,134.17,35.53,41.55
2015-07-28,526.03,126.89,111.71,135.0,35.54,41.54
2015-07-29,529.0,128.98,113.02,135.87,35.58,42.41
2015-07-30,536.76,127.97,113.19,135.76,35.55,42.95
2015-07-31,536.15,129.01,113.17,136.63,36.01,42.78
2015-08-03,535.03,128.58,114.22,133.87,36.41,42.89
2015-08-04,531.9,128.44,114.76,132.93,36.68,43.55
2015-08-05,537.01,130.53,104.24,133.18,36.92,43.59
2015-08-06,529.46,129.51,102.37,132.95,36.74,42.71
2015-08-07,522.62,128.25,103.12,131.92,36.61,42.82
2015-08-10,524.0,131.35,104.68,133.31,36.53,43.36
2015-08-11,527.46,129.72,101.85,132.26,36.36,42.52
2015-08-12,525.91,128.26,100.9,132.81,36.17,42.82
2015-08-13,529.66,130.41,101.4,131.88,36.03,42.81
2015-08-14,531.52,130.66,101.06,132.46,36.16,43.06
2015-08-17,535.22,130.07,102.84,132.94,36.24,43.35
2015-08-18,535.02,130.22,100.85,132.68,36.2,43.59
2015-08-19,532.92,128.52,100.39,130.92,35.75,42.98
2015-08-20,515.78,123.39,94.32,129.83,35.54,42.11
2015-08-21,494.47,118.61,93.21,126.59,34.65,39.72
2015-08-24,463.37,114.54,89.93,122.02,33.64,38.44
2015-08-25,466.37,113.01,90.43,119.88,33.3,37.32
2015-08-26,500.77,116.47,93.58,124.76,33.95,39.39
2015-08-27,518.37,118.75,96.35,126.33,34.42,40.48
2015-08-28,518.01,119.99,96.64,125.85,34.58,40.51
2015-08-31,512.89,117.68,96.08,125.78,34.47,40.13
2015-09-01,496.54,114.76,93.84,121.34,33.97,38.57
2015-09-02,510.55,117.64,96.09,123.36,34.1,39.99
2015-09-03,504.72,117.99,96.18,124.83,34.33,40.12
2015-09-04,499.0,116.85,95.22,122.21,33.76,39.3
2015-09-08,517.54,120.51,98.09,125.21,34.1,40.48
2015-09-09,516.89,119.46,96.11,123.36,33.57,39.72
2015-09-10,522.24,120.27,96.76,124.34,33.68,39.92
2015-09-11,529.44,121.27,98.53,125.33,33.71,40.1
2015-09-14,521.38,121.06,97.91,123.87,33.69,39.69
2015-09-15,522.37,122.74,97.54,125.47,34.04,40.56
2015-09-16,527.39,123.55,98.04,126.22,34.61,40.85
2015-09-17,538.87,123.78,98.27,125.99,34.82,40.81
2015-09-18,540.26,122.55,96.98,122.9,34.46,40.1
2015-09-21,548.39,122.49,97.52,124.58,34.65,40.68
2015-09-22,538.4,120.66,96.65,122.83,34.3,40.48
2015-09-23,536.07,118.57,95.79,122.18,34.27,40.46
2015-09-24,533.75,116.84,94.89,122.82,34.61,40.49
2015-09-25,524.25,117.98,94.59,123.67,35.03,40.52
2015-09-28,504.06,115.38,92.88,121.21,34.95,39.92
2015-09-29,496.07,115.94,93.76,121.17,35.06,40.06
2015-09-30,511.89,117.92,96.38,123.29,35.47,40.82
2015-10-01,520.72,117.62,96.82,122.12,35.19,41.14
2015-10-02,532.54,119.37,97.13,122.96,35.71,42.02
2015-10-05,543.68,120.69,97.94,126.75,36.26,43.0
2015-10-06,537.48,121.24,97.86,126.53,36.21,43.11
2015-10-07,541.94,123.39,97.5,127.65,36.71,43.16
2015-10-08,533.16,125.21,98.65,129.51,37.12,43.76
2015-10-09,539.8,125.8,99.55,129.6,37.15,43.44
2015-10-12,550.19,126.69,100.29,128.54,37.13,43.34
2015-10-13,548.9,126.34,100.52,127.25,36.82,43.24
2015-10-14,544.83,120.87,99.71,127.58,36.85,43.05
2015-10-15,562.44,123.72,101.75,127.65,37.06,43.35
2015-10-16,570.76,123.91,102.08,127.9,37.15,43.81
2015-10-19,573.15,124.65,103.24,126.91,37.12,43.92
2015-10-20,560.88,125.07,103.58,119.61,37.39,44.05
2015-10-21,555.77,127.15,103.82,119.85,37.3,43.53
2015-10-22,563.91,131.76,106.8,122.54,38.23,44.29
2015-10-23,599.03,132.11,106.65,123.05,37.83,48.76
2015-10-26,608.61,132.11,107.06,122.18,37.66,50.03
2015-10-27,611.01,133.69,107.29,117.25,37.67,49.51
2015-10-28,617.1,133.17,107.83,119.77,37.78,49.78
2015-10-29,626.55,132.54,108.49,119.53,37.83,49.21
2015-10-30,625.9,133.34,107.26,119.13,37.44,48.54
2015-11-02,628.35,133.64,108.49,119.38,37.35,49.1
2015-11-03,625.31,133.36,108.96,120.66,37.28,49.94
2015-11-04,640.95,134.27,106.8,120.45,37.11,50.17
2015-11-05,655.65,134.08,106.56,118.97,37.43,50.15
2015-11-06,659.37,134.05,109.08,118.68,37.1,50.65
2015-11-09,655.49,132.27,109.79,116.16,36.73,49.95
2015-11-10,659.68,131.52,110.73,116.29,36.93,49.35
2015-11-11,673.25,131.38,109.88,115.91,37.17,49.48
2015-11-12,665.6,129.16,109.59,114.21,36.76,49.17
2015-11-13,642.35,129.2,108.3,113.1,36.59,48.73
2015-11-16,647.81,130.86,109.32,114.78,37.1,49.59
2015-11-17,643.3,132.36,109.52,114.88,36.84,49.18
2015-11-18,663.54,134.36,111.41,116.59,37.38,50.0
2015-11-19,661.27,135.23,111.95,117.38,38.12,50.08
2015-11-20,668.45,135.37,113.23,118.89,37.51,50.31
2015-11-23,678.99,134.41,112.62,118.86,37.98,50.31
2015-11-24,671.15,134.69,111.23,118.98,38.34,50.37
2015-11-25,675.34,133.59,111.91,118.47,38.34,49.85
2015-11-27,673.26,133.15,108.57,118.86,38.44,50.07
2015-11-30,664.8,131.79,107.01,119.68,37.97,50.46
2015-12-01,679.06,133.87,108.82,121.28,38.21,51.27
2015-12-02,676.01,133.16,107.51,119.92,38.1,51.26
2015-12-03,666.25,131.89,105.52,119.26,37.83,50.32
2015-12-04,672.64,134.56,107.73,120.55,38.57,51.91
2015-12-07,669.83,134.51,107.35,119.8,38.49,51.82
2015-12-08,677.33,131.38,106.07,118.51,38.32,51.8
2015-12-09,664.79,130.7,105.12,117.27,38.01,51.04
2015-12-10,662.32,132.66,105.12,117.42,38.1,51.31
2015-12-11,640.15,131.04,102.54,115.52,37.66,50.19
2015-12-14,657.91,129.57,103.78,116.69,37.82,51.19
2015-12-15,658.64,132.77,106.45,118.29,38.37,51.25
2015-12-16,675.77,134.2,108.0,119.57,39.06,52.11
2015-12-17,670.65,131.89,106.31,117.39,38.75,51.71
2015-12-18,664.14,126.47,102.24,115.8,37.86,50.26
2015-12-21,664.51,127.67,101.16,116.32,38.11,50.91
2015-12-22,663.15,129.01,101.31,118.41,38.57,51.39
2015-12-23,663.7,130.53,100.19,118.93,38.91,51.82
2015-12-24,662.79,130.05,100.47,118.68,38.79,51.69
2015-12-28,675.2,130.97,101.79,118.13,38.75,51.94
2015-12-29,693.97,133.51,101.63,119.99,38.94,52.5
2015-12-30,689.07,132.66,100.93,119.62,38.82,52.28
2015-12-31,675.89,131.01,99.73,118.14,38.27,51.51
2016-01-04,636.99,127.31,97.74,116.71,37.77,50.88
2016-01-05,633.79,127.82,95.76,116.62,37.91,51.11
2016-01-06,632.65,125.79,95.25,116.04,37.7,50.18
2016-01-07,607.94,120.52,94.44,114.05,37.08,48.44
2016-01-08,607.05,117.78,94.2,113.0,36.98,48.58
2016-01-11,617.74,117.98,94.83,114.37,37.04,48.56
2016-01-12,617.89,119.53,96.3,114.09,37.53,49.0
2016-01-13,581.81,116.09,93.47,112.6,37.28,47.94
2016-01-14,593.0,117.07,94.06,114.1,37.31,49.31
2016-01-15,570.18,113.83,89.12,111.62,36.97,47.34
2016-01-19,574.48,114.22,89.19,109.98,37.35,46.94
2016-01-20,571.77,110.67,87.83,104.61,36.87,47.15
2016-01-21,575.02,111.81,89.23,105.51,36.87,46.87
2016-01-22,596.38,112.91,91.97,105.16,37.47,48.55
2016-01-25,596.53,112.37,90.44,104.8,37.56,48.08
2016-01-26,601.25,115.99,91.37,105.24,37.49,48.44
2016-01-27,583.35,105.63,89.52,103.84,37.5,47.55
2016-01-28,635.35,106.93,88.77,104.92,37.93,48.33
2016-01-29,587.0,108.85,90.94,107.13,38.24,51.15
2016-02-01,574.81,110.15,90.31,107.16,38.31,50.79
2016-02-02,552.1,106.48,88.38,105.54,37.81,49.21
2016-02-03,531.07,110.43,90.3,107.07,38.06,48.43
2016-02-04,536.26,112.0,90.57,109.58,37.89,48.28
2016-02-05,502.13,111.05,89.12,110.37,37.81,46.57
2016-02-08,488.1,108.25,87.43,110.12,38.0,45.87
2016-02-09,482.07,107.72,87.62,107.6,38.58,45.75
2016-02-10,490.48,106.41,84.33,104.23,37.91,46.15
2016-02-11,503.82,99.17,85.71,102.2,37.78,46.13
2016-02-12,507.08,99.34,86.51,104.97,38.41,46.89
2016-02-16,521.1,102.97,88.18,106.44,38.63,47.77
2016-02-17,534.1,106.39,90.64,109.36,38.75,49.02
2016-02-18,525.0,107.52,90.33,114.86,38.85,48.8
2016-02-19,534.9,105.31,90.17,115.41,39.0,48.46
2016-02-22,559.5,107.35,91.46,116.01,39.15,49.23
2016-02-23,552.94,106.9,90.52,114.82,38.92,47.86
2016-02-24,554.04,105.71,90.57,115.17,39.12,48.03
2016-02-25,555.15,106.83,90.78,116.64,39.34,48.72
2016-02-26,555.23,108.06,90.46,114.5,38.43,47.97
2016-02-29,552.52,108.07,90.66,113.63,38.43,47.58
2016-03-01,579.04,109.7,92.68,116.53,38.92,49.17
2016-03-02,580.21,109.42,92.06,118.2,39.0,49.51
2016-03-03,577.49,109.38,93.79,119.5,39.16,48.95
2016-03-04,575.14,110.72,93.47,119.5,39.3,48.65
2016-03-07,562.8,112.39,94.33,121.54,39.21,47.72
2016-03-08,560.26,111.89,92.84,120.6,39.49,48.3
2016-03-09,559.47,112.35,92.69,121.77,39.92,49.41
2016-03-10,558.93,112.43,92.1,121.57,40.3,48.67
2016-03-11,569.61,113.97,92.95,123.46,40.58,49.62
2016-03-14,573.37,115.54,93.78,123.82,40.66,49.72
2016-03-15,577.02,115.55,93.24,123.98,40.62,50.11
2016-03-16,574.27,116.66,93.43,125.56,40.45,50.82
2016-03-17,559.44,119.52,94.53,127.52,41.1,51.11
2016-03-18,552.08,122.5,94.15,127.56,40.94,50.02
2016-03-21,553.98,124.24,93.45,128.89,41.01,50.36
2016-03-22,560.48,123.56,92.61,128.43,40.85,50.56
2016-03-23,569.63,121.5,91.9,126.09,40.82,50.47
2016-03-24,582.95,120.82,92.27,128.3,40.92,50.69
2016-03-28,579.87,120.06,93.1,128.69,41.12,50.06
2016-03-29,593.86,119.69,93.16,129.5,41.73,51.16
2016-03-30,598.69,117.58,93.88,128.7,41.82,51.48
2016-03-31,593.64,116.08,94.25,131.34,41.65,51.64
2016-04-01,598.5,116.1,94.03,132.27,42.05,51.96
2016-04-04,593.19,115.54,93.66,131.88,42.1,51.83
2016-04-05,586.14,116.17,92.06,130.08,41.78,51.02
2016-04-06,602.08,116.99,92.52,130.1,41.94,51.54
2016-04-07,591.43,116.14,91.27,128.56,41.62,50.92
2016-04-08,594.6,116.94,91.51,129.52,42.08,50.89
2016-04-11,595.93,116.97,91.37,129.43,41.7,50.78
2016-04-12,603.17,118.4,92.39,129.76,41.89,51.1
2016-04-13,614.82,119.93,94.42,131.15,41.34,51.76
2016-04-14,620.75,119.66,93.61,131.09,41.15,51.77
2016-04-15,625.89,119.92,93.57,131.57,41.39,52.04
2016-04-18,635.35,120.68,96.31,132.28,41.5,52.79
2016-04-19,627.9,121.33,97.42,124.88,41.84,52.73
2016-04-20,632.99,119.4,98.01,126.71,39.84,51.98
2016-04-21,631.0,119.56,97.67,129.47,39.2,52.16
2016-04-22,620.5,119.84,98.49,128.78,39.99,48.42
2016-04-25,626.2,119.57,99.25,129.05,40.14,48.73
2016-04-26,616.88,121.85,99.55,129.28,39.98,48.1
2016-04-27,606.57,125.36,99.92,130.49,40.12,47.63
2016-04-28,602.0,123.27,98.73,127.54,40.07,46.66
2016-04-29,659.59,123.27,98.0,126.56,40.22,46.63
2016-05-02,683.85,122.55,99.05,125.98,40.39,47.32
2016-05-03,671.32,121.16,98.5,124.99,40.26,46.55
2016-05-04,670.9,119.7,98.39,125.1,40.39,46.63
2016-05-05,659.09,120.78,99.59,127.02,40.46,46.7
2016-05-06,673.95,121.86,100.17,128.96,40.69,47.12
2016-05-09,679.75,120.8,99.98,130.25,40.62,46.82
2016-05-10,703.07,123.2,101.17,132.57,41.08,47.71
2016-05-11,713.23,122.62,97.08,131.67,40.82,47.74
2016-05-12,717.93,123.93,96.53,131.57,41.15,48.17
2016-05-13,709.92,121.81,95.4,130.58,40.72,47.76
2016-05-16,710.66,123.67,95.25,132.12,40.96,48.47
2016-05-17,695.27,122.21,94.85,130.83,40.18,47.56
2016-05-18,697.45,120.77,93.96,130.25,39.94,47.84
2016-05-19,698.52,118.08,93.4,128.12,39.79,47.38
2016-05-20,702.8,117.45,94.7,130.17,39.46,47.67
2016-05-23,696.75,117.62,94.13,129.74,39.48,47.11
2016-05-24,704.2,117.55,94.44,131.1,39.84,48.58
2016-05-25,708.35,118.8,94.78,134.09,39.85,49.08
2016-05-26,714.91,119.22,94.73,134.75,40.13,48.86
2016-05-27,712.24,119.13,95.18,135.11,40.21,49.27
2016-05-31,722.79,116.3,94.17,135.9,40.04,49.91
2016-06-01,719.44,116.54,93.5,134.82,40.13,49.76
2016-06-02,728.24,116.95,93.69,135.69,40.15,49.42
2016-06-03,725.54,117.44,93.72,135.15,40.44,48.77
2016-06-06,726.73,121.6,93.75,135.01,40.74,49.09
2016-06-07,723.74,121.63,93.34,135.54,40.69,49.06
2016-06-08,726.64,122.62,93.05,136.13,40.9,49.0
2016-06-09,727.65,122.71,92.86,135.62,41.09,48.61
2016-06-10,717.91,120.9,92.38,134.69,41.29,48.47
2016-06-13,715.24,119.78,92.6,133.73,40.82,47.21
2016-06-14,719.3,120.31,93.39,133.53,40.75,46.92
2016-06-15,714.26,120.0,93.27,133.2,40.72,46.79
2016-06-16,717.51,119.27,93.37,133.53,40.99,47.45
2016-06-17,706.39,119.69,93.96,134.36,40.52,47.2
2016-06-20,714.01,122.39,94.5,135.79,40.7,47.15
2016-06-21,715.82,121.25,93.79,136.18,40.83,48.2
2016-06-22,710.6,121.48,93.76,135.18,40.59,48.01
2016-06-23,722.08,123.13,93.98,137.33,40.79,48.88
2016-06-24,698.96,116.64,90.85,129.58,39.75,46.92
2016-06-27,691.36,113.12,89.58,126.85,39.61,45.6
2016-06-28,707.95,114.22,91.16,128.8,39.97,46.55
2016-06-29,715.6,117.08,92.04,131.24,40.21,47.59
2016-06-30,715.62,119.73,92.84,134.17,41.01,48.18
2016-07-01,725.68,119.57,93.04,134.68,40.82,48.17
2016-07-05,728.1,117.06,92.69,134.08,41.1,48.18
2016-07-06,737.61,117.05,93.44,134.69,40.96,48.38
2016-07-07,736.57,117.24,94.08,134.9,40.8,48.38
2016-07-08,745.81,119.94,95.24,136.54,41.06,49.25
2016-07-11,753.78,121.73,95.58,137.31,41.23,49.52
2016-07-12,748.21,120.6,95.79,138.82,41.24,50.1
2016-07-13,742.63,119.95,95.48,139.69,41.38,50.39
2016-07-14,741.2,121.28,95.57,141.69,41.34,50.6
2016-07-15,735.44,122.06,95.41,141.24,41.28,50.57
2016-07-18,736.07,123.01,95.74,141.31,41.28,50.81
2016-07-19,739.95,124.15,95.09,141.07,41.28,49.99
2016-07-20,745.72,124.2,93.9,142.64,41.18,52.65
2016-07-21,744.43,123.11,93.7,141.84,41.12,52.54
2016-07-22,744.86,123.05,93.41,143.27,41.46,53.27
2016-07-25,739.61,122.56,93.1,143.78,41.23,53.42
2016-07-26,735.59,124.32,92.43,143.31,40.61,53.45
2016-07-27,736.67,125.35,92.09,143.06,39.27,52.91
2016-07-28,752.61,122.63,91.69,142.65,39.49,52.93
2016-07-29,758.81,123.23,91.73,141.99,39.47,53.37
2016-08-01,767.74,122.81,91.34,142.72,39.31,53.28
2016-08-02,760.58,121.33,90.83,141.95,39.38,53.28
2016-08-03,754.64,121.58,91.86,142.03,39.48,53.64
2016-08-04,760.77,120.97,90.97,142.81,39.37,54.04
2016-08-05,765.98,121.45,91.61,144.53,39.34,54.58
2016-08-08,766.56,121.87,91.54,144.48,39.3,54.67
2016-08-09,768.31,122.27,92.42,144.24,39.33,54.8
2016-08-10,768.56,122.97,93.55,144.51,39.46,54.63
2016-08-11,771.24,123.63,93.47,145.81,39.58,54.9
2016-08-12,772.56,123.73,92.58,144.4,39.84,54.56
2016-08-15,768.49,125.18,92.83,144.34,40.03,54.73
2016-08-16,764.04,125.49,92.62,143.28,39.66,54.42
2016-08-17,764.63,125.23,92.61,143.05,39.86,54.54
2016-08-18,764.46,125.49,92.4,143.87,39.9,54.58
2016-08-19,757.31,124.97,92.15,142.69,39.74,54.59
2016-08-22,759.48,125.48,91.65,142.66,39.57,54.64
2016-08-23,762.45,124.69,91.75,142.89,39.67,54.85
2016-08-24,757.25,123.9,91.6,141.81,39.67,54.91
2016-08-25,759.22,123.62,91.34,141.44,39.51,55.12
2016-08-26,769.0,122.92,91.02,141.16,39.19,54.98
2016-08-29,771.29,123.54,90.69,142.41,39.39,55.05
2016-08-30,767.58,121.6,90.69,142.12,39.12,54.85
2016-08-31,769.16,120.33,90.3,141.66,39.29,54.44
2016-09-01,770.62,120.75,90.11,142.25,39.22,54.57
2016-09-02,772.44,121.92,90.26,142.26,39.5,54.64
2016-09-06,788.87,123.63,89.67,142.97,39.62,54.59
2016-09-07,784.48,123.3,89.59,144.12,39.48,54.63
2016-09-08,784.06,123.54,89.95,141.77,39.47,54.41
2016-09-09,760.14,119.48,88.35,138.82,38.24,53.26
2016-09-12,771.49,120.96,89.52,141.13,39.08,54.05
2016-09-13,761.01,119.69,88.62,138.92,38.57,53.56
2016-09-14,761.09,118.68,88.2,137.35,38.41,53.31
2016-09-15,769.69,118.77,88.43,138.79,38.64,54.19
2016-09-16,778.52,117.78,88.49,137.17,38.44,54.24
2016-09-19,775.1,118.5,88.55,138.09,38.4,53.94
2016-09-20,780.22,118.79,88.86,137.71,38.62,53.83
2016-09-21,789.74,121.37,88.32,138.67,38.79,54.73
2016-09-22,804.7,122.58,89.3,139.19,39.19,54.78
2016-09-23,805.75,122.5,89.17,138.18,38.98,54.41
2016-09-26,799.16,121.38,87.91,137.29,38.36,53.91
2016-09-27,816.11,122.07,87.68,139.78,38.85,54.91
2016-09-28,828.72,122.92,88.14,141.13,38.45,54.98
2016-09-29,829.05,121.8,87.76,140.97,38.34,54.39
2016-09-30,837.31,122.46,88.77,141.63,38.6,54.58
2016-10-03,836.74,123.06,88.42,140.53,38.34,54.41
2016-10-04,834.03,122.94,88.52,139.5,38.16,54.23
2016-10-05,844.36,125.18,88.38,140.06,38.14,54.61
2016-10-06,841.66,124.95,88.74,139.88,38.05,54.71
2016-10-07,839.43,124.42,88.42,138.8,38.06,54.77
2016-10-10,841.71,126.27,88.42,140.0,38.06,54.99
2016-10-11,831.0,124.32,87.82,138.01,37.89,54.19
2016-10-12,834.09,123.78,87.39,137.57,38.11,54.11
2016-10-13,829.28,123.99,87.11,137.06,38.09,53.93
2016-10-14,822.96,124.1,87.28,137.71,38.01,54.41
2016-10-17,812.95,124.56,86.83,138.0,37.94,54.22
2016-10-18,817.65,125.59,87.16,134.38,38.28,54.63
2016-10-19,817.69,126.59,87.88,134.87,38.36,54.51
2016-10-20,810.32,126.27,87.98,135.1,38.25,54.24
2016-10-21,818.99,126.08,88.94,133.41,38.43,56.53
2016-10-24,838.09,127.77,89.26,134.25,38.82,57.8
2016-10-25,835.18,129.23,88.67,134.53,38.8,57.79
2016-10-26,822.59,135.29,89.38,135.36,38.71,57.45
2016-10-27,818.36,133.22,89.88,136.73,38.42,56.94
2016-10-28,776.32,132.94,89.72,136.07,38.52,56.73
2016-10-31,789.82,132.4,88.61,137.03,38.67,56.77
2016-11-01,785.41,132.38,88.32,136.23,38.42,56.66
2016-11-02,765.56,130.84,87.87,135.48,38.36,56.31
2016-11-03,767.03,130.16,89.26,135.86,38.34,56.1
2016-11-04,755.05,129.71,88.38,135.91,38.03,55.63
2016-11-07,784.93,132.96,90.27,138.84,38.73,57.25
2016-11-08,787.75,133.2,90.23,139.61,39.11,57.29
2016-11-09,771.88,136.96,90.47,139.28,38.56,57.01
2016-11-10,742.38,139.41,90.78,144.15,37.34,55.62
2016-11-11,739.01,140.2,93.38,145.1,37.43,55.92
2016-11-14,719.07,141.58,93.61,142.34,37.55,55.07
2016-11-15,743.24,139.81,93.4,142.76,37.8,56.16
2016-11-16,746.49,138.23,94.76,143.31,37.63,56.9
2016-11-17,756.4,137.19,95.0,143.77,37.51,57.84
2016-11-18,760.16,138.15,93.92,144.3,37.32,57.57
2016-11-21,780.0,138.78,93.33,146.45,37.73,58.05
2016-11-22,785.33,141.14,93.41,146.36,37.74,58.3
2016-11-23,780.12,141.35,93.94,145.73,37.51,57.62
2016-11-25,780.37,141.63,94.47,146.78,37.88,57.74
2016-11-28,766.77,141.38,94.61,148.02,38.08,57.82
2016-11-29,762.52,143.14,95.28,147.13,37.85,58.27
2016-11-30,750.57,142.12,94.76,145.95,37.12,57.48
2016-12-01,743.65,143.85,94.59,143.79,36.95,56.47
2016-12-02,740.34,143.72,94.17,143.97,37.13,56.52
2016-12-05,759.36,143.63,95.56,143.81,37.36,57.44
2016-12-06,764.72,143.71,96.23,144.27,37.32,57.19
2016-12-07,770.42,145.5,97.5,148.26,37.98,58.54
2016-12-08,767.33,146.68,99.59,148.78,37.7,58.2
2016-12-09,768.66,147.72,101.02,149.82,38.63,59.11
2016-12-12,760.12,148.35,100.25,148.9,38.54,59.3
2016-12-13,774.34,147.88,100.04,151.41,38.41,60.08
2016-12-14,768.82,145.81,100.24,151.61,37.91,59.79
2016-12-15,761.0,145.15,100.56,151.17,38.22,59.69
2016-12-16,757.77,145.84,100.1,150.01,38.39,59.43
2016-12-19,766.0,147.43,101.44,149.96,38.33,60.69
2016-12-20,771.22,147.63,101.6,150.79,38.32,60.61
2016-12-21,770.6,148.65,101.69,150.55,38.24,60.61
2016-12-22,766.34,148.64,101.56,150.31,38.22,60.62
2016-12-23,760.59,148.97,101.3,149.99,38.27,60.32
2016-12-27,771.4,148.65,101.32,150.38,38.27,60.36
2016-12-28,772.13,147.35,100.48,149.52,38.07,60.09
2016-12-29,765.15,146.96,100.73,149.89,38.27,60.0
2016-12-30,749.87,146.96,100.4,149.34,38.14,59.27
2017-01-03,753.67,148.17,102.19,150.42,38.45,59.69
2017-01-04,757.18,149.73,103.5,152.28,38.31,59.43
2017-01-05,780.45,149.82,103.45,151.78,38.4,59.43
2017-01-06,795.99,150.18,104.99,152.53,38.39,59.94
2017-01-09,796.92,149.45,104.39,150.84,38.01,59.75
2017-01-10,795.9,150.16,104.41,148.92,37.75,59.73
2017-01-11,799.02,150.47,105.43,150.93,37.76,60.28
2017-01-12,813.64,149.42,103.59,151.11,37.67,59.72
2017-01-13,817.14,149.93,104.1,150.56,37.6,59.81
2017-01-17,809.72,148.83,104.01,151.05,37.92,59.65
2017-01-18,807.48,149.45,104.2,150.07,37.98,59.62
2017-01-19,809.04,150.09,103.35,150.08,37.84,59.43
2017-01-20,808.33,150.59,103.72,153.45,38.01,59.85
2017-01-23,817.88,148.99,103.19,153.88,38.11,60.06
2017-01-24,822.44,151.55,103.95,158.26,38.54,60.59
2017-01-25,836.52,157.98,104.08,160.41,38.74,60.74
2017-01-26,839.15,159.64,104.1,160.74,38.46,61.31
2017-01-27,835.77,158.3,105.29,159.52,38.13,62.75
2017-01-30,830.38,156.29,106.87,158.17,38.06,62.13
2017-01-31,823.48,154.26,106.6,157.02,38.24,61.67
2017-02-01,832.35,154.78,107.22,156.81,37.95,60.65
2017-02-02,839.95,153.17,106.56,157.07,38.08,60.26
2017-02-03,810.2,153.3,106.26,158.19,38.21,60.74
2017-02-06,807.64,154.79,105.56,158.22,38.23,60.71
2017-02-07,812.5,157.17,105.01,160.56,38.54,60.51
2017-02-08,819.71,155.96,105.01,159.75,38.65,60.42
2017-02-09,821.36,156.41,105.48,160.7,37.94,61.11
2017-02-10,827.46,158.26,105.26,162.03,37.33,61.05
2017-02-13,836.53,159.98,105.63,162.65,37.36,61.74
2017-02-14,836.39,160.42,106.29,163.35,37.28,61.97
2017-02-15,842.7,161.19,106.14,164.75,37.2,61.93
2017-02-16,844.14,162.62,106.65,164.52,37.9,61.92
2017-02-17,845.07,164.43,106.03,163.84,37.93,62.01
2017-02-21,856.44,167.15,105.98,163.46,38.14,61.89
2017-02-22,855.61,166.96,106.08,164.27,38.27,61.76
2017-02-23,852.19,168.38,105.71,164.72,38.32,62.01
2017-02-24,845.24,168.94,106.28,164.45,38.43,62.01
2017-02-27,848.64,170.83,106.19,162.68,38.33,61.64
2017-02-28,845.04,171.59,106.06,163.06,38.6,61.4
2017-03-01,853.08,175.1,106.97,165.0,38.78,62.32
2017-03-02,848.91,174.22,106.54,163.71,39.07,61.43
2017-03-03,849.88,173.45,107.16,163.27,39.08,61.66
2017-03-06,846.61,172.26,106.61,163.65,38.8,61.68
2017-03-07,846.02,173.3,106.8,163.57,38.62,61.8
2017-03-08,850.5,173.03,106.78,162.73,38.62,62.37
2017-03-09,853.0,171.92,106.96,160.67,38.66,62.12
2017-03-10,852.46,170.14,106.86,161.26,38.9,62.31
2017-03-13,854.59,170.47,107.43,160.02,39.0,62.1
2017-03-14,852.53,170.16,108.19,159.35,38.95,61.81
2017-03-15,852.97,170.15,107.77,159.43,39.09,62.14
2017-03-16,853.42,169.65,107.62,160.73,39.21,62.03
2017-03-17,852.31,171.47,107.66,159.28,39.0,62.25
2017-03-20,856.97,170.79,108.58,159.33,39.14,62.31
2017-03-21,843.2,167.53,107.66,157.68,39.44,61.62
2017-03-22,848.06,168.5,107.97,158.49,39.33,62.41
2017-03-23,847.38,168.76,108.13,158.53,39.13,62.25
2017-03-24,845.61,167.39,108.03,157.63,39.09,62.36
2017-03-27,846.82,167.66,108.26,157.58,39.27,62.47
2017-03-28,856.0,168.86,108.91,158.25,39.37,62.66
2017-03-29,874.32,169.12,108.41,157.73,39.36,62.83
2017-03-30,876.34,169.45,109.03,157.66,39.53,63.06
2017-03-31,886.54,168.38,109.24,157.91,39.38,63.2
2017-04-03,891.51,168.18,109.05,158.24,39.36,62.91
2017-04-04,906.83,170.14,108.9,158.26,39.61,63.08
2017-04-05,909.28,168.59,108.86,156.77,39.5,62.92
2017-04-06,898.28,168.87,108.91,156.38,39.6,63.08
2017-04-07,894.88,170.28,108.45,156.1,39.54,63.03
2017-04-10,907.04,169.05,108.31,155.25,39.62,62.89
2017-04-11,902.36,170.01,108.93,154.69,39.59,62.84
2017-04-12,896.23,167.61,108.9,154.76,39.85,62.6
2017-04-13,884.67,167.2,109.05,153.73,39.71,62.33
2017-04-17,901.99,170.44,109.61,155.16,39.97,62.84
2017-04-18,903.78,169.33,110.01,154.21,40.35,62.75
2017-04-19,899.2,169.85,109.56,146.62,40.12,62.42
2017-04-20,902.06,170.71,110.58,147.18,39.99,62.86
2017-04-21,898.53,171.74,110.25,145.44,39.97,63.72
2017-04-24,907.41,173.33,109.53,145.77,40.16,64.81
2017-04-25,907.62,174.72,110.96,145.45,40.0,65.18
2017-04-26,909.29,173.0,111.34,145.15,40.13,65.09
2017-04-27,918.38,174.44,111.6,145.38,39.91,65.52
2017-04-28,924.99,175.97,111.36,145.35,40.04,65.7
2017-05-01,948.23,173.65,110.53,144.04,40.11,66.61
2017-05-02,946.94,174.65,110.18,144.28,40.26,66.51
2017-05-03,941.03,174.6,107.53,143.85,40.2,66.29
2017-05-04,937.53,174.3,107.1,144.23,40.52,66.04
2017-05-05,934.15,176.14,107.89,140.6,40.54,66.22
2017-05-08,949.04,177.11,107.34,140.13,40.73,66.16
2017-05-09,952.82,177.95,107.96,139.28,40.38,66.26
2017-05-10,948.95,175.74,105.64,138.5,40.43,66.52
2017-05-11,947.62,176.47,105.56,137.95,40.52,65.7
2017-05-12,961.35,175.8,105.67,137.69,40.45,65.62
2017-05-15,957.97,174.98,105.13,138.73,40.58,65.67
2017-05-16,966.07,175.28,104.02,140.72,40.69,66.99
2017-05-17,944.76,171.52,102.41,138.2,40.77,65.13
2017-05-18,958.49,170.19,102.77,138.07,40.65,65.35
2017-05-19,959.84,173.41,103.58,139.17,40.74,65.33
2017-05-22,970.67,176.21,103.69,139.77,41.0,66.07
2017-05-23,971.54,176.03,103.1,139.21,41.19,66.29
2017-05-24,980.35,177.72,103.76,139.65,41.79,66.38
2017-05-25,993.38,179.47,103.34,140.28,42.14,67.2
2017-05-26,995.78,179.01,104.44,139.63,42.12,67.52
2017-05-30,996.7,179.29,104.37,138.94,42.16,67.96
2017-05-31,994.62,180.01,103.98,139.76,42.19,67.41
2017-06-01,995.95,179.71,104.24,139.8,42.49,67.66
2017-06-02,1006.73,182.5,103.25,139.23,42.58,69.26
2017-06-05,1011.34,181.27,102.62,139.56,42.68,69.76
2017-06-06,1003.0,179.16,101.63,139.52,42.67,69.99
2017-06-07,1010.07,180.46,102.04,138.25,42.23,69.87
2017-06-08,1010.27,182.21,100.5,139.28,41.88,69.44
2017-06-09,978.31,182.31,101.75,141.11,42.06,67.87
2017-06-12,964.91,182.28,103.12,142.1,42.06,67.35
2017-06-13,980.79,183.32,102.66,141.24,42.13,68.19
2017-06-14,976.47,184.56,102.25,140.84,42.38,67.82
2017-06-15,964.17,187.51,102.1,141.22,42.34,67.47
2017-06-16,987.71,188.46,101.64,142.28,42.39,67.56
2017-06-19,995.17,190.99,101.51,141.78,42.46,68.4
2017-06-20,992.59,190.27,100.13,141.88,42.67,67.48
2017-06-21,1002.23,191.08,100.96,140.82,42.31,67.82
2017-06-22,1001.3,191.34,100.4,141.38,42.17,67.81
2017-06-23,1003.74,194.01,100.54,141.12,42.34,68.73
2017-06-26,993.98,191.85,101.7,142.14,42.5,68.07
2017-06-27,976.78,190.81,101.55,141.7,42.15,66.8
2017-06-28,990.33,191.51,102.94,142.22,42.4,67.37
2017-06-29,975.93,189.44,101.84,141.13,41.94,66.11
2017-06-30,968.0,189.71,102.36,140.86,41.96,66.53
2017-07-03,953.66,190.52,103.52,142.46,41.88,65.8
2017-07-05,971.4,193.61,101.76,140.71,41.93,66.67
2017-07-06,965.14,193.29,100.3,139.51,41.54,66.18
2017-07-07,978.76,194.15,100.27,140.04,41.53,67.04
2017-07-10,996.47,195.67,100.54,140.48,41.52,67.54
2017-07-11,994.13,197.89,100.78,140.27,41.48,67.55
2017-07-12,1006.51,198.05,101.3,140.74,41.64,68.67
2017-07-13,1000.63,197.85,101.22,140.68,41.57,69.27
2017-07-14,1001.81,200.04,101.99,141.23,41.8,70.25
2017-07-17,1010.04,200.51,101.7,140.11,41.85,70.8
2017-07-18,1024.45,199.78,102.63,141.01,41.79,70.75
2017-07-19,1026.87,202.31,103.67,135.09,41.94,71.29
2017-07-20,1028.7,201.74,104.2,135.21,41.93,71.64
2017-07-21,1025.67,203.52,103.93,134.68,42.13,71.22
2017-07-24,1038.95,203.56,103.85,133.68,41.95,71.04
2017-07-25,1039.87,203.83,103.28,133.86,42.33,71.61
2017-07-26,1052.8,223.96,103.79,133.1,42.79,71.47
2017-07-27,1046.0,231.21,106.76,132.84,43.15,70.61
2017-07-28,1020.04,231.47,106.72,132.12,43.05,70.5
2017-07-31,987.78,232.61,106.69,132.47,42.89,70.17
2017-08-01,996.19,229.71,107.35,133.05,42.76,70.05
2017-08-02,995.89,228.28,105.47,132.27,42.65,69.74
2017-08-03,986.92,228.57,105.9,132.72,42.73,69.64
2017-08-04,987.58,228.05,104.52,132.92,42.57,70.15
2017-08-07,992.27,230.47,103.22,131.37,42.7,69.88
2017-08-08,989.84,229.77,103.83,131.5,42.66,70.26
2017-08-09,982.01,226.13,99.8,131.19,42.65,69.95
2017-08-10,956.92,224.75,98.36,131.25,42.79,68.92
2017-08-11,967.99,226.68,98.98,131.25,42.65,69.98
2017-08-14,983.3,228.87,98.41,131.7,42.85,71.03
2017-08-15,982.74,230.82,98.52,131.47,43.22,71.05
2017-08-16,978.18,229.29,99.19,131.86,43.23,71.46
2017-08-17,960.57,227.36,98.39,130.2,42.91,70.25
2017-08-18,958.47,227.54,97.73,129.27,42.73,70.34
2017-08-21,953.29,227.45,98.19,129.86,42.74,70.01
2017-08-22,966.9,231.38,99.74,130.48,42.66,70.99
2017-08-23,958.0,229.78,98.51,131.53,42.61,70.56
2017-08-24,952.45,230.4,98.53,132.27,42.49,70.53
2017-08-25,945.26,227.65,99.39,133.01,42.64,70.66
2017-08-28,946.02,228.9,99.54,131.87,42.5,70.67
2017-08-29,954.06,232.09,99.55,132.46,42.52,70.88
2017-08-30,967.59,232.06,99.84,131.92,42.47,71.81
2017-08-31,980.6,231.29,98.22,132.35,42.62,72.55
2017-09-01,978.25,231.94,98.51,133.33,42.83,71.75
2017-09-05,965.27,228.73,98.61,132.36,42.96,71.43
2017-09-06,967.8,226.43,98.51,133.08,43.0,71.22
2017-09-07,979.47,228.06,94.2,132.23,43.3,72.13
2017-09-08,965.9,230.44,94.21,131.82,43.32,71.78
2017-09-11,977.96,232.19,94.23,134.05,43.52,72.54
2017-09-12,982.58,232.18,95.0,134.88,43.71,72.46
2017-09-13,999.6,233.48,95.91,135.09,43.85,72.98
2017-09-14,992.21,236.67,95.01,134.68,43.48,72.55
2017-09-15,986.79,240.31,95.62,134.01,43.55,73.07
2017-09-18,974.19,244.24,95.21,133.76,43.48,72.93
2017-09-19,969.86,243.65,95.53,133.61,43.36,73.2
2017-09-20,973.21,246.54,96.29,134.99,43.17,72.72
2017-09-21,964.65,247.1,95.98,134.42,42.81,72.01
2017-09-22,955.1,247.5,95.69,134.3,42.9,72.2
2017-09-25,939.79,245.44,96.64,134.98,43.09,71.09
2017-09-26,938.6,244.84,95.72,135.62,42.97,71.09
2017-09-27,950.87,246.37,96.31,134.79,42.1,71.66
2017-09-28,956.4,245.39,95.16,134.79,42.35,71.68
2017-09-29,961.35,245.33,95.66,134.25,42.45,72.28
2017-10-02,959.19,247.05,96.92,135.71,42.25,72.4
2017-10-03,957.1,246.54,97.82,135.82,42.62,72.06
2017-10-04,965.45,246.83,97.59,135.55,42.91,72.47
2017-10-05,980.85,249.85,97.16,135.77,42.93,73.72
2017-10-06,989.58,249.55,97.12,135.55,42.9,73.74
2017-10-09,990.99,249.37,96.64,136.39,42.82,74.03
2017-10-10,987.2,251.82,96.64,137.42,43.26,74.03
2017-10-11,995.0,252.31,95.65,136.6,43.47,74.15
2017-10-12,1000.93,252.77,94.07,136.06,43.48,74.83
2017-10-13,1002.94,251.64,94.51,136.12,43.55,75.19
2017-10-16,1006.34,250.68,95.24,135.87,43.97,75.35
2017-10-17,1009.13,249.59,95.46,135.6,43.87,75.29
2017-10-18,997.0,250.96,95.35,147.62,43.76,75.31
2017-10-19,986.61,250.0,96.09,148.89,43.94,75.6
2017-10-20,982.91,255.51,96.47,149.97,43.74,76.47
2017-10-23,966.3,253.16,95.79,147.64,43.68,76.49
2017-10-24,975.9,256.71,95.39,144.24,43.55,76.52
2017-10-25,972.91,249.4,94.92,142.04,43.43,76.3
2017-10-26,972.43,250.22,95.65,142.13,43.6,76.42
2017-10-27,1100.95,247.51,95.41,142.21,43.45,81.32
2017-10-30,1110.85,250.2,95.15,142.84,43.25,81.4
2017-10-31,1105.28,248.97,94.93,142.56,43.36,80.71
2017-11-01,1103.68,249.47,96.11,142.53,43.19,80.71
2017-11-02,1094.22,253.46,95.45,141.9,43.27,81.56
2017-11-03,1111.6,252.61,95.73,140.27,43.35,81.64
2017-11-06,1120.66,254.85,97.67,139.58,42.88,81.96
2017-11-07,1123.17,256.84,98.61,140.05,43.32,81.77
2017-11-08,1132.88,256.3,98.2,140.26,43.55,82.05
2017-11-09,1129.13,254.89,99.65,140.47,43.6,81.59
2017-11-10,1125.35,253.1,101.69,139.41,43.89,81.38
2017-11-13,1129.17,254.62,101.65,138.7,44.06,81.44
2017-11-14,1136.84,253.98,100.13,139.15,44.73,81.56
2017-11-15,1126.69,255.05,100.63,137.48,44.14,80.92
2017-11-16,1137.29,255.86,100.55,139.37,43.9,81.14
2017-11-17,1129.88,254.46,100.39,139.23,43.11,80.36
2017-11-20,1126.31,256.76,99.72,140.67,42.87,80.48
2017-11-21,1139.49,259.05,99.96,142.01,43.17,81.64
2017-11-22,1156.16,257.27,99.71,141.84,43.23,81.05
2017-11-24,1186.0,257.98,99.61,141.91,43.27,81.19
2017-11-27,1195.83,257.69,99.76,142.04,43.29,81.79
2017-11-28,1193.6,260.02,100.36,142.5,43.22,82.77
2017-11-29,1161.27,261.29,102.14,143.51,42.91,81.27
2017-11-30,1176.75,268.57,101.73,143.9,43.52,82.08
2017-12-01,1162.35,263.31,102.15,144.64,43.71,82.17
2017-12-04,1133.95,269.71,106.97,146.23,43.95,79.07
2017-12-05,1141.57,267.35,104.06,145.19,43.98,79.57
2017-12-06,1152.35,270.0,102.35,144.02,44.16,80.73
2017-12-07,1159.79,273.59,102.16,143.53,43.53,80.44
2017-12-08,1162.0,277.4,101.97,144.69,43.08,82.07
2017-12-11,1168.92,274.74,104.52,145.25,43.1,83.12
2017-12-12,1165.08,281.32,105.1,146.49,43.06,83.46
2017-12-13,1164.13,283.16,105.28,143.85,43.64,83.23
2017-12-14,1174.26,285.14,108.17,143.93,43.76,82.59
2017-12-15,1179.14,285.2,108.86,142.53,43.92,84.7
2017-12-18,1190.58,287.34,108.62,143.3,43.67,84.24
2017-12-19,1187.38,288.41,109.39,143.21,43.86,83.7
2017-12-20,1177.62,289.04,107.31,142.95,43.81,83.4
2017-12-21,1174.76,286.26,107.2,141.59,43.36,83.38
2017-12-22,1168.36,286.33,106.32,142.53,43.35,83.39
2017-12-26,1176.76,286.58,105.78,142.84,43.56,83.28
2017-12-27,1182.26,286.83,105.31,143.12,43.67,83.58
2017-12-28,1186.1,287.54,105.43,143.97,43.47,83.59
2017-12-29,1169.47,286.14,105.18,143.39,43.62,83.42
2018-01-02,1189.01,288.02,109.38,144.16,43.3,83.82
2018-01-03,1204.2,288.95,109.85,148.13,43.2,84.21
2018-01-04,1209.59,287.85,109.8,151.13,43.81,84.95
2018-01-05,1229.14,299.66,109.2,151.86,43.8,86.0
2018-01-08,1246.87,300.93,107.64,152.78,43.74,86.09
2018-01-09,1252.7,308.96,107.56,153.12,43.95,86.03
2018-01-10,1254.33,310.74,107.1,153.44,43.8,85.64
2018-01-11,1276.68,318.37,108.59,153.46,43.77,85.9
2018-01-12,1305.2,326.22,110.03,152.47,43.88,87.38
2018-01-16,1304.86,325.2,108.29,153.14,44.24,86.16
2018-01-17,1295.0,340.58,109.54,157.62,44.52,87.9
2018-01-18,1293.32,330.05,108.03,158.06,44.57,87.86
2018-01-19,1294.58,327.69,108.19,151.75,44.84,87.77
2018-01-22,1327.31,327.95,108.69,151.97,45.05,89.34
2018-01-23,1362.54,325.61,108.02,155.38,45.11,89.62
2018-01-24,1357.51,324.74,108.11,154.56,45.48,89.54
2018-01-25,1377.95,332.91,108.15,154.65,45.49,90.04
2018-01-26,1402.05,333.02,109.76,156.4,46.14,91.73
2018-01-29,1417.68,330.69,109.12,155.89,45.35,91.59
2018-01-30,1437.82,327.67,107.72,152.92,45.08,90.44
2018-01-31,1450.89,343.84,106.32,152.99,45.25,92.65
2018-02-01,1390.0,346.33,108.1,151.78,45.11,91.92
2018-02-02,1429.95,338.54,106.34,148.63,44.43,89.5
2018-02-05,1390.0,319.1,102.43,142.56,42.68,85.82
2018-02-06,1442.84,330.78,103.87,145.18,42.47,89.06
2018-02-07,1416.78,337.77,102.49,143.79,42.37,87.39
2018-02-08,1350.5,321.44,99.15,139.3,40.98,82.9
2018-02-09,1339.6,324.53,100.86,141.11,41.01,85.99
2018-02-12,1386.23,335.23,101.15,142.89,41.81,86.92
2018-02-13,1414.51,334.6,101.86,142.28,42.02,87.6
2018-02-14,1451.05,336.25,102.33,146.06,41.93,88.97
2018-02-15,1461.76,347.57,102.9,147.24,42.58,90.79
2018-02-16,1448.69,346.19,104.22,147.4,42.77,90.14
2018-02-20,1468.35,344.54,103.68,146.44,41.82,90.84
2018-02-21,1482.92,343.58,102.77,145.31,41.21,89.64
2018-02-22,1485.34,347.04,102.96,144.57,41.38,89.87
2018-02-23,1500.0,347.77,104.93,146.78,41.87,92.16
2018-02-26,1521.95,354.42,107.43,149.67,41.86,93.49
2018-02-27,1511.98,355.55,102.6,147.75,41.47,92.29
2018-02-28,1512.45,353.18,100.92,147.07,41.09,91.87
2018-03-01,1493.45,340.97,100.35,145.17,41.29,90.97
2018-03-02,1500.25,336.08,100.76,145.81,41.57,91.17
2018-03-05,1523.61,343.95,101.17,148.13,41.73,91.75
2018-03-06,1537.64,340.22,102.67,146.97,41.77,91.43
2018-03-07,1545.0,338.39,101.35,149.42,41.66,91.96
2018-03-08,1551.86,340.03,101.78,147.43,42.26,92.52
2018-03-09,1578.89,345.68,102.46,150.36,42.61,94.59
2018-03-12,1598.39,335.61,102.89,151.25,42.34,94.81
2018-03-13,1588.18,330.22,101.48,150.37,42.38,92.5
2018-03-14,1591.0,322.02,101.65,149.23,41.99,91.95
2018-03-15,1582.32,321.75,101.0,150.64,41.89,92.28
2018-03-16,1571.68,322.23,100.64,151.25,41.69,92.69
2018-03-19,1544.93,323.49,99.28,148.51,41.49,91.01
2018-03-20,1586.51,329.21,99.15,147.42,41.4,91.25
2018-03-21,1581.86,328.69,99.61,147.89,41.24,90.61
2018-03-22,1544.92,311.64,98.42,143.54,41.01,87.97
2018-03-23,1495.56,313.0,96.4,140.52,40.6,85.42
2018-03-26,1555.86,320.77,98.47,144.75,40.95,91.88
2018-03-27,1497.05,313.11,97.21,143.37,41.14,87.66
2018-03-28,1431.42,312.04,96.4,143.95,41.55,87.58
2018-03-29,1447.34,319.7,98.26,144.81,41.66,89.42
2018-04-02,1371.99,314.4,96.52,141.64,40.93,86.73
2018-04-03,1392.05,322.57,97.27,141.43,41.61,87.9
2018-04-04,1410.57,319.27,98.76,145.46,42.43,90.46
2018-04-05,1451.75,328.01,99.9,145.37,42.59,90.51
2018-04-06,1405.23,317.99,98.18,142.11,42.13,88.41
2018-04-09,1406.08,314.44,97.54,144.11,42.04,88.93
2018-04-10,1436.22,326.48,99.17,146.66,42.19,91.0
2018-04-11,1427.05,319.2,98.62,146.63,42.19,90.0
2018-04-12,1448.5,329.06,98.21,149.19,42.23,91.69
2018-04-13,1430.79,321.07,98.18,147.9,42.69,91.2
2018-04-16,1441.5,323.5,98.07,149.02,42.86,92.27
2018-04-17,1503.83,328.32,99.96,151.87,43.05,94.13
2018-04-18,1527.84,332.5,99.02,140.43,42.69,94.49
2018-04-19,1556.91,332.15,98.7,139.4,42.5,94.17
2018-04-20,1527.49,330.22,98.07,136.76,41.95,93.08
2018-04-23,1517.86,330.39,97.98,137.66,42.18,93.42
2018-04-24,1460.09,320.85,97.3,137.38,41.31,91.24
2018-04-25,1460.17,334.31,98.96,137.74,40.7,90.44
2018-04-26,1517.96,334.24,97.68,138.48,41.0,92.35
2018-04-27,1572.62,332.38,97.08,138.25,41.54,93.88
2018-04-30,1566.13,325.24,98.16,136.81,41.45,91.63
2018-05-01,1582.26,321.32,97.89,136.85,40.85,93.08
2018-05-02,1569.68,316.11,97.46,134.45,40.34,91.62
2018-05-03,1572.08,322.44,96.62,134.01,40.18,92.17
2018-05-04,1580.95,326.09,98.96,135.82,40.63,93.24
2018-05-07,1600.14,331.94,100.26,135.17,40.42,94.27
2018-05-08,1592.39,329.93,99.58,134.96,40.1,93.87
2018-05-09,1608.0,335.91,97.8,136.09,40.07,94.98
2018-05-10,1609.08,337.16,99.48,137.65,40.46,95.93
2018-05-11,1602.91,335.59,99.86,137.55,40.42,95.72
2018-05-14,1601.54,337.67,100.22,137.7,40.32,96.05
2018-05-15,1576.12,335.25,100.69,137.17,40.02,95.35
2018-05-16,1587.28,334.13,102.76,138.02,39.85,95.6
2018-05-17,1581.76,337.23,102.08,137.89,40.57,94.64
2018-05-18,1574.37,344.18,101.68,137.49,40.46,94.82
2018-05-21,1585.46,356.62,101.81,138.84,40.68,96.04
2018-05-22,1581.4,347.89,101.81,138.46,40.53,95.94
2018-05-23,1601.86,352.0,100.66,138.06,40.67,97.08
2018-05-24,1603.07,351.79,99.9,137.48,40.59,96.74
2018-05-25,1610.15,352.86,99.99,137.07,40.67,96.79
2018-05-29,1612.87,345.41,97.53,134.76,40.94,96.44
2018-05-30,1624.89,351.0,97.81,136.1,41.37,97.37
2018-05-31,1629.62,345.09,97.31,134.85,41.24,97.26
2018-06-01,1641.54,349.56,97.21,135.46,41.36,99.18
2018-06-04,1665.27,353.49,98.07,136.5,41.71,100.05
2018-06-05,1696.35,352.87,97.77,137.13,41.35,100.56
2018-06-06,1695.75,364.1,99.7,138.09,41.69,100.85
2018-06-07,1689.3,361.13,100.25,138.71,41.67,99.27
2018-06-08,1683.99,362.08,101.73,139.46,42.16,100.01
2018-06-11,1689.12,363.49,102.09,139.88,42.33,99.44
2018-06-12,1698.75,363.18,102.07,140.16,42.6,99.69
2018-06-13,1704.86,356.55,104.01,139.66,42.38,99.24
2018-06-14,1723.86,355.15,106.39,138.56,42.17,99.8
2018-06-15,1715.97,350.7,106.49,138.74,42.7,98.53
2018-06-18,1723.79,347.62,104.74,137.87,42.14,99.25
2018-06-19,1734.78,334.27,103.8,137.32,42.19,99.25
2018-06-20,1750.08,335.81,104.83,136.11,41.86,100.24
2018-06-21,1730.22,330.88,103.6,134.79,41.7,99.52
2018-06-22,1715.67,332.11,104.04,134.82,41.85,98.81
2018-06-25,1663.15,324.55,102.19,132.45,42.17,96.82
2018-06-26,1691.09,324.65,102.0,132.72,41.93,97.5
2018-06-27,1660.51,323.2,101.71,131.19,41.68,95.98
2018-06-28,1701.45,327.93,102.5,133.64,42.07,97.05
2018-06-29,1699.8,328.78,102.54,133.31,42.44,97.03
2018-07-02,1713.78,329.33,103.05,133.47,42.34,98.41
2018-07-03,1693.96,326.25,101.79,133.19,42.57,97.47
2018-07-05,1699.73,326.49,103.06,134.96,43.22,98.17
2018-07-06,1710.63,327.92,103.33,135.97,43.2,99.54
2018-07-09,1739.02,335.06,104.56,137.79,42.97,100.22
2018-07-10,1743.07,340.19,104.57,138.09,43.52,100.49
2018-07-11,1755.0,333.76,106.55,138.31,43.34,100.35
2018-07-12,1796.62,339.08,106.76,139.75,43.23,102.53
2018-07-13,1813.03,343.75,108.48,139.23,43.3,103.75
2018-07-16,1822.49,348.95,108.68,138.81,43.29,103.23
2018-07-17,1843.93,349.72,108.78,136.93,43.79,104.26
2018-07-18,1842.92,353.0,109.16,137.91,43.66,103.44
2018-07-19,1812.97,348.2,110.58,142.42,43.65,102.73
2018-07-20,1813.7,347.78,109.94,139.66,43.82,104.57
2018-07-23,1802.0,346.18,109.56,139.04,43.5,106.24
2018-07-24,1829.24,351.08,109.17,139.69,43.8,105.94
2018-07-25,1863.61,348.78,109.65,139.92,44.6,109.06
2018-07-26,1808.0,352.11,111.94,140.0,44.75,107.87
2018-07-27,1817.27,353.41,111.07,138.51,44.72,105.96
2018-07-30,1779.22,344.01,111.08,138.84,44.74,103.69
2018-07-31,1777.44,349.15,111.99,138.3,45.12,104.38
2018-08-01,1797.17,345.68,111.41,136.94,44.89,104.58
2018-08-02,1834.33,342.71,111.19,136.42,44.69,105.85
2018-08-03,1823.29,341.45,112.52,140.95,45.12,106.31
2018-08-06,1847.75,339.61,114.34,139.35,45.14,106.4
2018-08-07,1862.48,343.72,114.95,140.29,45.0,107.14
2018-08-08,1886.52,340.8,112.41,140.17,44.66,107.74
2018-08-09,1898.52,338.49,112.58,139.64,44.85,107.92
2018-08-10,1886.3,334.24,111.12,139.36,44.59,107.26
2018-08-13,1896.2,333.21,110.57,137.66,44.35,106.48
2018-08-14,1919.65,333.97,111.19,138.28,44.41,107.81
2018-08-15,1882.62,326.71,111.29,138.81,44.59,106.35
2018-08-16,1886.52,340.71,110.93,140.19,44.73,106.33
2018-08-17,1882.22,341.12,110.93,140.89,45.1,106.27
2018-08-20,1876.71,345.4,110.44,141.32,45.22,105.57
2018-08-21,1883.42,348.38,110.84,140.8,44.73,104.69
2018-08-22,1904.9,344.7,110.39,140.1,44.45,105.75
2018-08-23,1902.9,342.19,110.45,140.22,44.22,106.25
2018-08-24,1905.39,344.06,110.38,140.87,44.16,107.08
2018-08-27,1927.68,348.35,110.78,141.5,44.22,108.26
2018-08-28,1932.82,345.86,111.03,141.4,43.91,108.92
2018-08-29,1998.1,344.86,110.9,142.32,43.87,110.65
2018-08-30,2002.38,341.62,110.38,140.76,43.5,110.59
2018-08-31,2012.71,337.57,110.47,141.29,43.13,110.96
2018-09-04,2039.51,340.98,109.32,140.52,43.32,110.35
2018-09-05,1994.82,341.4,108.35,141.47,43.92,107.17
2018-09-06,1958.31,345.92,108.74,141.21,44.29,107.41
2018-09-07,1952.07,343.96,109.44,140.3,44.24,106.89
2018-09-10,1939.01,336.65,109.15,140.49,44.57,108.05
2018-09-11,1987.15,339.99,108.09,141.3,44.53,109.88
2018-09-12,1990.0,348.03,107.95,141.38,44.75,110.35
2018-09-13,1989.87,350.05,109.14,143.68,44.73,111.53
2018-09-14,1970.19,354.32,107.75,143.08,44.88,111.99
2018-09-17,1908.03,350.54,107.85,142.7,45.21,110.77
2018-09-18,1941.05,358.04,108.02,143.3,44.83,111.83
2018-09-19,1926.42,359.66,108.27,143.78,44.85,110.34
2018-09-20,1944.3,361.86,110.08,145.8,45.52,112.19
2018-09-21,1915.01,366.56,108.88,145.99,45.46,112.87
2018-09-24,1934.36,362.39,111.21,144.72,44.96,113.27
2018-09-25,1974.55,361.64,112.06,143.64,44.58,113.05
2018-09-26,1974.85,359.47,113.62,146.24,44.75,112.59
2018-09-27,2012.98,361.79,114.44,146.14,44.9,113.02
2018-09-28,2003.0,366.24,115.33,145.86,45.08,112.98
2018-10-01,2004.36,376.47,114.64,147.58,45.12,114.2
2018-10-02,1971.31,380.49,116.04,148.31,45.39,113.75
2018-10-03,1952.76,386.33,115.3,147.8,44.77,113.77
2018-10-04,1909.42,384.05,114.53,145.95,44.75,111.41
2018-10-05,1889.65,380.58,113.2,143.75,44.78,110.76
2018-10-08,1864.42,379.89,114.42,143.14,45.36,109.5
2018-10-09,1870.32,379.57,115.28,142.03,45.27,110.89
2018-10-10,1755.25,361.87,111.3,137.64,44.58,104.87
2018-10-11,1719.36,352.66,109.62,134.1,43.57,104.62
2018-10-12,1788.61,354.63,111.06,135.86,43.61,108.23
2018-10-15,1760.95,353.41,111.87,136.13,43.83,106.29
2018-10-16,1819.96,362.64,114.59,139.98,44.4,109.65
2018-10-17,1831.73,359.93,115.51,129.3,44.76,109.36
2018-10-18,1770.72,353.88,114.58,125.93,44.51,107.18
2018-10-19,1764.03,350.83,117.26,124.53,45.22,107.34
2018-10-22,1789.3,350.56,116.64,125.42,44.86,108.29
2018-10-23,1768.7,344.72,116.22,126.56,45.25,106.78
2018-10-24,1664.2,349.25,110.07,122.71,45.61,101.07
2018-10-25,1782.17,358.23,112.58,121.97,45.39,106.98
2018-10-26,1642.81,353.8,111.63,120.37,44.82,105.66
2018-10-29,1538.88,330.48,111.48,115.4,45.34,102.58
2018-10-30,1530.42,344.58,113.18,111.31,46.48,102.47
2018-10-31,1598.01,349.46,113.24,111.34,46.73,105.51
2018-11-01,1665.53,357.54,114.5,112.69,46.59,104.63
2018-11-02,1665.53,352.3,113.59,111.57,46.85,104.87
2018-11-05,1627.8,356.47,113.86,115.81,47.52,106.2
2018-11-06,1642.81,360.89,115.1,118.76,47.93,106.41
2018-11-07,1755.49,366.35,115.43,120.42,48.18,110.59
2018-11-08,1754.91,366.81,114.4,120.53,48.14,110.39
2018-11-09,1712.43,365.39,116.37,120.68,48.49,108.23
2018-11-12,1636.85,353.22,115.09,118.1,48.67,105.57
2018-11-13,1631.17,345.78,115.24,118.05,48.66,105.64
2018-11-14,1599.01,341.04,115.5,117.42,48.56,104.14
2018-11-15,1619.44,337.92,115.49,118.63,48.54,106.43
2018-11-16,1593.41,332.36,114.59,118.76,48.96,107.43
2018-11-19,1512.29,317.51,113.83,117.53,49.3,103.79
2018-11-20,1495.46,314.31,110.33,114.49,48.19,100.9
2018-11-21,1516.73,313.93,111.47,115.83,47.56,102.29
2018-11-23,1502.06,308.98,110.53,114.48,47.84,102.25
2018-11-26,1581.33,312.98,111.0,116.8,47.69,105.63
2018-11-27,1581.42,314.63,112.33,117.25,48.18,106.29
2018-11-28,1677.75,329.94,114.5,120.16,48.51,110.24
2018-11-29,1673.57,338.9,115.0,118.67,48.18,109.32
2018-11-30,1690.17,343.06,113.9,121.4,49.58,110.01
2018-12-03,1772.36,356.11,114.14,122.41,48.88,111.2
2018-12-04,1668.4,338.84,111.31,118.79,48.77,107.66
2018-12-06,1699.19,328.35,112.75,121.05,48.57,108.32
2018-12-07,1629.13,319.77,111.29,116.58,48.29,103.99
2018-12-10,1641.03,322.86,111.17,118.33,48.44,106.74
2018-12-11,1643.24,318.59,111.28,118.09,48.73,107.73
2018-12-12,1663.54,323.2,111.52,118.36,48.42,108.22
2018-12-13,1658.38,321.99,112.69,117.94,48.66,108.58
2018-12-14,1591.91,315.34,111.51,117.13,48.53,105.19
2018-12-17,1520.91,312.75,109.94,113.42,47.54,102.07
2018-12-18,1551.48,324.56,108.78,113.95,47.53,103.15
2018-12-19,1495.08,316.14,108.55,113.74,47.12,102.87
2018-12-20,1460.83,309.71,106.34,110.41,46.76,100.71
2018-12-21,1377.45,301.3,103.58,108.37,46.79,97.45
2018-12-24,1343.96,291.02,99.73,105.08,45.21,93.38
2018-12-26,1470.9,310.58,105.18,108.81,46.17,99.76
2018-12-27,1461.64,313.75,105.86,111.15,46.75,100.38
2018-12-28,1478.02,313.0,106.64,110.42,46.43,99.59
