[
    {
        "url": "https://www.glassesshop.com/eyeglasses/fz1388",
        "img_url": "https://glassesshop-res.cloudinary.com/w_800,h_400,c_pad/products/201908/5d52830d30ae0.jpg",
        "name": "Alieen - Black",
        "price": "$34.95"
    },
    {
        "url": "https://www.glassesshop.com/eyeglasses/fz1320",
        "img_url": "https://glassesshop-res.cloudinary.com/w_800,h_400,c_pad/products/201906/5cf8ca4eb5fb5.jpg",
        "name": "Vogt - Multicolor",
        "price": "$29.95"
    },
    {
        "url": "https://www.glassesshop.com/eyeglasses/fp1903",
        "img_url": "https://glassesshop-res.cloudinary.com/w_800,h_400,c_pad/products/201905/5ce3ad100f3fe.jpg",
        "name": "Jinbee - Brown/Multicolor",
        "price": "$24.95"
    },
    {
        "url": "https://www.glassesshop.com/eyeglasses/fm1350",
        "img_url": "https://glassesshop-res.cloudinary.com/w_800,h_400,c_pad/products/201812/5c24367442e3f.jpg",
        "name": "Hawthorn - Gunmetal",
        "price": "$29.95"
    },
    {
        "url": "https://www.glassesshop.com/eyeglasses/fp1721",
        "img_url": "https://glassesshop-res.cloudinary.com/w_800,h_400,c_pad/products/201807/5b3dcfc46c1e7.jpg",
        "name": "Olga - Tortoise",
        "price": "$34.95"
    },
    {
        "url": null,
        "img_url": null,
        "name": null,
        "price": null
    },
    {
        "url": "https://www.glassesshop.com/eyeglasses/fz1088",
        "img_url": "https://glassesshop-res.cloudinary.com/w_800,h_400,c_pad/products/201805/5af25c0791bb4.jpg",
        "name": "Mandy - Crystal",
        "price": "$29.95"
    },
    {
        "url": "https://www.glassesshop.com/eyeglasses/fz1270",
        "img_url": "https://glassesshop-res.cloudinary.com/w_800,h_400,c_pad/products/201812/5c26d172e6aa2.jpg",
        "name": "Genevieve - Green Tortoise",
        "price": "$29.95"
    },
    {
        "url": "https://www.glassesshop.com/eyeglasses/fm1263",
        "img_url": "https://glassesshop-res.cloudinary.com/w_800,h_400,c_pad/products/201906/5cf730e71cec3.jpg",
        "name": "Rochester - Black/Golden",
        "price": "$29.95"
    },
    {
        "url": "https://www.glassesshop.com/eyeglasses/fp1699",
        "img_url": "https://glassesshop-res.cloudinary.com/w_800,h_400,c_pad/products/201805/5b03bbbbf1499.jpg",
        "name": "Novia - Tortoise/Yellow",
        "price": "$19.95"
    },
    {
        "url": "https://www.glassesshop.com/eyeglasses/fz1298",
        "img_url": "https://glassesshop-res.cloudinary.com/w_800,h_400,c_pad/products/201901/5c3403881d955.jpg",
        "name": "Hume - Brown/Crystal",
        "price": "$29.95"
    },
    {
        "url": "https://www.glassesshop.com/eyeglasses/fz1297",
        "img_url": "https://glassesshop-res.cloudinary.com/w_800,h_400,c_pad/products/201901/5c3403881a8fe.jpg",
        "name": "Hume - Tortoise/Brown",
        "price": "$29.95"
    },
    {
        "url": "https://www.glassesshop.com/eyeglasses/fp1770",
        "img_url": "https://glassesshop-res.cloudinary.com/w_800,h_400,c_pad/products/201809/5bac31dd12811.jpg",
        "name": "Winchester - Tortoise",
        "price": "$19.95"
    },
    {
        "url": "https://www.glassesshop.com/eyeglasses/fp1935",
        "img_url": "https://glassesshop-res.cloudinary.com/w_800,h_400,c_pad/products/201908/5d4d19331a49d.jpg",
        "name": "Lizzie - Black/Silver",
        "price": "$19.95"
    },
    {
        "url": "https://www.glassesshop.com/eyeglasses/fp1934",
        "img_url": "https://glassesshop-res.cloudinary.com/w_800,h_400,c_pad/products/201908/5d4d192d3dc32.jpg",
        "name": "Lizzie - Black/Golden",
        "price": "$19.95"
    },
    {
        "url": "https://www.glassesshop.com/eyeglasses/fz1385",
        "img_url": "https://glassesshop-res.cloudinary.com/w_800,h_400,c_pad/products/201908/5d4d19e695b74.jpg",
        "name": "Laurie - Red",
        "price": "$29.95"
    },
    {
        "url": "https://www.glassesshop.com/eyeglasses/fp1927",
        "img_url": "https://glassesshop-res.cloudinary.com/w_800,h_400,c_pad/products/201908/5d4d190dacad9.jpg",
        "name": "Bronti - Black",
        "price": "$15.95"
    },
    {
        "url": "https://www.glassesshop.com/eyeglasses/fp1925",
        "img_url": "https://glassesshop-res.cloudinary.com/w_800,h_400,c_pad/products/201908/5d4d190594ab3.jpg",
        "name": "Brewster - Blue",
        "price": "$15.95"
    },
    {
        "url": "https://www.glassesshop.com/eyeglasses/fz1376",
        "img_url": "https://glassesshop-res.cloudinary.com/w_800,h_400,c_pad/products/201908/5d538038705a1.jpg",
        "name": "Blume - Black",
        "price": "$29.95"
    },
    {
        "url": "https://www.glassesshop.com/eyeglasses/fp1920",
        "img_url": "https://glassesshop-res.cloudinary.com/w_800,h_400,c_pad/products/201908/5d4d18eee5210.jpg",
        "name": "Bloor - Purple",
        "price": "$12.95"
    },
    {
        "url": "https://www.glassesshop.com/eyeglasses/fz1375",
        "img_url": "https://glassesshop-res.cloudinary.com/w_800,h_400,c_pad/products/201907/5d2d2660a22b3.jpg",
        "name": "Bobosa - Pink/Tortoise",
        "price": "$29.95"
    },
    {
        "url": "https://www.glassesshop.com/eyeglasses/sup0711",
        "img_url": "https://glassesshop-res.cloudinary.com/w_800,h_400,c_pad/products/201907/5d268bd89da12.jpg",
        "name": "Marlowe - Rose Gold",
        "price": "$44.95"
    },
    {
        "url": "https://www.glassesshop.com/eyeglasses/fz1370",
        "img_url": "https://glassesshop-res.cloudinary.com/w_800,h_400,c_pad/products/201907/5d268bd88f69a.jpg",
        "name": "Maltz - Pink Tortoise",
        "price": "$29.95"
    },
    {
        "url": "https://www.glassesshop.com/eyeglasses/fz1361",
        "img_url": "https://glassesshop-res.cloudinary.com/w_800,h_400,c_pad/products/201907/5d1dad7e9531d.jpg",
        "name": "Milton - Tortoise",
        "price": "$29.95"
    },
    {
        "url": "https://www.glassesshop.com/eyeglasses/fz1358",
        "img_url": "https://glassesshop-res.cloudinary.com/w_800,h_400,c_pad/products/201907/5d1dad7e8b665.jpg",
        "name": "Milne - Crystal",
        "price": "$29.95"
    },
    {
        "url": "https://www.glassesshop.com/eyeglasses/fz1339",
        "img_url": "https://glassesshop-res.cloudinary.com/w_800,h_400,c_pad/products/201907/5d1c52f50980f.jpg",
        "name": "Dolcie - Crystal",
        "price": "$35.95"
    },
    {
        "url": "https://www.glassesshop.com/eyeglasses/fz1328",
        "img_url": "https://glassesshop-res.cloudinary.com/w_800,h_400,c_pad/products/201907/5d1c52f4d1f77.jpg",
        "name": "Deanna - Tortoise/Crystal",
        "price": "$35.95"
    },
    {
        "url": "https://www.glassesshop.com/eyeglasses/fz1326",
        "img_url": "https://glassesshop-res.cloudinary.com/w_800,h_400,c_pad/products/201907/5d1c52f4cbb6d.jpg",
        "name": "Davina - Blue Tortoise/Crystal",
        "price": "$35.95"
    },
    {
        "url": "https://www.glassesshop.com/eyeglasses/fm1387",
        "img_url": "https://glassesshop-res.cloudinary.com/w_800,h_400,c_pad/products/201906/5d031896311f6.jpg",
        "name": "Celia - Rose Gold",
        "price": "$29.95"
    },
    {
        "url": "https://www.glassesshop.com/eyeglasses/fm1385",
        "img_url": "https://glassesshop-res.cloudinary.com/w_800,h_400,c_pad/products/201906/5d031896295ff.jpg",
        "name": "Celestia - Black/Golden",
        "price": "$29.95"
    },
    {
        "url": "https://www.glassesshop.com/eyeglasses/fp1913",
        "img_url": "https://glassesshop-res.cloudinary.com/w_800,h_400,c_pad/products/201906/5d0318964c8a2.jpg",
        "name": "Cecilia - Black/Red",
        "price": "$29.95"
    },
    {
        "url": "https://www.glassesshop.com/eyeglasses/ft0308",
        "img_url": "https://glassesshop-res.cloudinary.com/w_800,h_400,c_pad/products/201906/5d0318966bf71.jpg",
        "name": "Berenice - Black",
        "price": "$39.95"
    },
    {
        "url": "https://www.glassesshop.com/eyeglasses/sup0702",
        "img_url": "https://glassesshop-res.cloudinary.com/w_800,h_400,c_pad/products/201906/5cff70bbf1bf9.jpg",
        "name": "Ophelia - Black",
        "price": "$39.95"
    },
    {
        "url": "https://www.glassesshop.com/eyeglasses/sup0700",
        "img_url": "https://glassesshop-res.cloudinary.com/w_800,h_400,c_pad/products/201906/5cff70bbe91a2.jpg",
        "name": "Nodia - Black",
        "price": "$39.95"
    },
    {
        "url": "https://www.glassesshop.com/eyeglasses/fm1383",
        "img_url": "https://glassesshop-res.cloudinary.com/w_800,h_400,c_pad/products/201906/5cff0f5a59b35.jpg",
        "name": "Rochester - Black",
        "price": "$29.95"
    },
    {
        "url": "https://www.glassesshop.com/eyeglasses/fm1382",
        "img_url": "https://glassesshop-res.cloudinary.com/w_800,h_400,c_pad/products/201906/5cff0f5a55c40.jpg",
        "name": "Rochester - Black/Silver",
        "price": "$29.95"
    },
    {
        "url": "https://www.glassesshop.com/eyeglasses/fz1313",
        "img_url": "https://glassesshop-res.cloudinary.com/w_800,h_400,c_pad/products/201906/5cf8ca4e9765e.jpg",
        "name": "Whittier - Black/Blue",
        "price": "$29.95"
    },
    {
        "url": "https://www.glassesshop.com/eyeglasses/fp1902",
        "img_url": "https://glassesshop-res.cloudinary.com/w_800,h_400,c_pad/products/201905/5ce3acf5d8bc6.jpg",
        "name": "Jinbee - Black/Multicolor",
        "price": "$24.95"
    },
    {
        "url": "https://www.glassesshop.com/eyeglasses/fp1886",
        "img_url": "https://glassesshop-res.cloudinary.com/w_800,h_400,c_pad/products/201905/5ce3acf59d1d5.jpg",
        "name": "Fitchy - Black/Brown",
        "price": "$24.95"
    },
    {
        "url": "https://www.glassesshop.com/eyeglasses/fp1885",
        "img_url": "https://glassesshop-res.cloudinary.com/w_800,h_400,c_pad/products/201905/5ce3acf59873c.jpg",
        "name": "Fitchy - Mblack",
        "price": "$24.95"
    },
    {
        "url": "https://www.glassesshop.com/eyeglasses/sup0677",
        "img_url": "https://glassesshop-res.cloudinary.com/w_800,h_400,c_pad/products/201905/5cd397d084be6.jpg",
        "name": "Rusa - Purple",
        "price": "$29.95"
    },
    {
        "url": "https://www.glassesshop.com/eyeglasses/sup0658",
        "img_url": "https://glassesshop-res.cloudinary.com/w_800,h_400,c_pad/products/201905/5ccf9668d1b8c.jpg",
        "name": "Kerlins - Multicolor",
        "price": "$39.95"
    },
    {
        "url": "https://www.glassesshop.com/eyeglasses/sup0656",
        "img_url": "https://glassesshop-res.cloudinary.com/w_800,h_400,c_pad/products/201905/5ccf9668bc29a.jpg",
        "name": "Morgan - Black/Pink",
        "price": "$39.95"
    },
    {
        "url": "https://www.glassesshop.com/eyeglasses/sup0651",
        "img_url": "https://glassesshop-res.cloudinary.com/w_800,h_400,c_pad/products/201905/5ccf96688d447.jpg",
        "name": "Karol - Green Tortoise",
        "price": "$39.95"
    },
    {
        "url": "https://www.glassesshop.com/eyeglasses/fp1855",
        "img_url": "https://glassesshop-res.cloudinary.com/w_800,h_400,c_pad/products/201904/5cc2bffd51c66.jpg",
        "name": "Tate - Pink",
        "price": "$19.95"
    },
    {
        "url": "https://www.glassesshop.com/eyeglasses/fp1851",
        "img_url": "https://glassesshop-res.cloudinary.com/w_800,h_400,c_pad/products/201904/5cc2bffd384af.jpg",
        "name": "Stuart - Black",
        "price": "$19.95"
    },
    {
        "url": "https://www.glassesshop.com/eyeglasses/fp1845",
        "img_url": "https://glassesshop-res.cloudinary.com/w_800,h_400,c_pad/products/201904/5cc2bffd1441e.jpg",
        "name": "Stowe - Crystal/Golden",
        "price": "$29.95"
    },
    {
        "url": "https://www.glassesshop.com/eyeglasses/sm0885",
        "img_url": "https://glassesshop-res.cloudinary.com/w_800,h_400,c_pad/products/201905/5cdcb3e76ce02.jpg",
        "name": "Sherwood - Gunmetal",
        "price": "$34.95"
    },
    {
        "url": "https://www.glassesshop.com/eyeglasses/sup0645",
        "img_url": "https://glassesshop-res.cloudinary.com/w_800,h_400,c_pad/products/201904/5cc2bffdced2a.jpg",
        "name": "Smedley - Black/Golden",
        "price": "$35.95"
    },
    {
        "url": "https://www.glassesshop.com/eyeglasses/sup0632",
        "img_url": "https://glassesshop-res.cloudinary.com/w_800,h_400,c_pad/products/201904/5cc806c83858d.jpg",
        "name": "Spender - Crystal",
        "price": "$45.95"
    },
    {
        "url": "https://www.glassesshop.com/eyeglasses/fp1872",
        "img_url": "https://glassesshop-res.cloudinary.com/w_800,h_400,c_pad/products/201904/5cc16d558bb08.jpg",
        "name": "Defender - Mblack",
        "price": "$29.95"
    },
    {
        "url": "https://www.glassesshop.com/eyeglasses/fp1871",
        "img_url": "https://glassesshop-res.cloudinary.com/w_800,h_400,c_pad/products/201904/5cc16d5585fad.jpg",
        "name": "Defender - Mblack/Pink",
        "price": "$29.95"
    },
    {
        "url": "https://www.glassesshop.com/eyeglasses/fp1864",
        "img_url": "https://glassesshop-res.cloudinary.com/w_800,h_400,c_pad/products/201904/5cc16d55620ea.jpg",
        "name": "Arad - Mblack/Pink",
        "price": "$29.95"
    },
    {
        "url": "https://www.glassesshop.com/eyeglasses/fp1861",
        "img_url": "https://glassesshop-res.cloudinary.com/w_800,h_400,c_pad/products/201904/5cc16d555438b.jpg",
        "name": "Latch - Mblack",
        "price": "$29.95"
    },
    {
        "url": "https://www.glassesshop.com/eyeglasses/fp1837",
        "img_url": "https://glassesshop-res.cloudinary.com/w_800,h_400,c_pad/products/201904/5cb69b511b3c1.jpg",
        "name": "Husk - Purple",
        "price": "$19.95"
    },
    {
        "url": "https://www.glassesshop.com/eyeglasses/fp1836",
        "img_url": "https://glassesshop-res.cloudinary.com/w_800,h_400,c_pad/products/201904/5cb69b5116ee3.jpg",
        "name": "Husk - Lavender",
        "price": "$19.95"
    },
    {
        "url": "https://www.glassesshop.com/eyeglasses/fp1834",
        "img_url": "https://glassesshop-res.cloudinary.com/w_800,h_400,c_pad/products/201904/5cb69b510ef0c.jpg",
        "name": "Tacab - Purple",
        "price": "$19.95"
    },
    {
        "url": "https://www.glassesshop.com/eyeglasses/fp1833",
        "img_url": "https://glassesshop-res.cloudinary.com/w_800,h_400,c_pad/products/201904/5cb69b510b4ee.jpg",
        "name": "Tacab - Black",
        "price": "$19.95"
    },
    {
        "url": "https://www.glassesshop.com/eyeglasses/fp1832",
        "img_url": "https://glassesshop-res.cloudinary.com/w_800,h_400,c_pad/products/201904/5cb69b5107170.jpg",
        "name": "Tacab - Red",
        "price": "$19.95"
    },
    {
        "url": "https://www.glassesshop.com/eyeglasses/fp1830",
        "img_url": "https://glassesshop-res.cloudinary.com/w_800,h_400,c_pad/products/201904/5cb69b4231106.jpg",
        "name": "Averies - Mblack",
        "price": "$19.95"
    },
    {
        "url": "https://www.glassesshop.com/eyeglasses/fp1829",
        "img_url": "https://glassesshop-res.cloudinary.com/w_800,h_400,c_pad/products/201904/5cb69b422b034.jpg",
        "name": "Averies - Blue",
        "price": "$19.95"
    },
    {
        "url": "https://www.glassesshop.com/eyeglasses/fp1825",
        "img_url": "https://glassesshop-res.cloudinary.com/w_800,h_400,c_pad/products/201905/5cd280d4c2897.jpg",
        "name": "Corwins - Black",
        "price": "$19.95"
    },
    {
        "url": "https://www.glassesshop.com/eyeglasses/fp1824",
        "img_url": "https://glassesshop-res.cloudinary.com/w_800,h_400,c_pad/products/201906/5d01d7454d0f0.jpg",
        "name": "Rado Avaitor - Tortoise",
        "price": "$39.95"
    },
    {
        "url": "https://www.glassesshop.com/eyeglasses/fp1822",
        "img_url": "https://glassesshop-res.cloudinary.com/w_800,h_400,c_pad/products/201906/5d01d74545d98.jpg",
        "name": "Rado Avaitor - Black",
        "price": "$39.95"
    },
    {
        "url": "https://www.glassesshop.com/eyeglasses/fp1815",
        "img_url": "https://glassesshop-res.cloudinary.com/w_800,h_400,c_pad/products/201904/5cb69b41cfef3.jpg",
        "name": "Durand - Black",
        "price": "$34.95"
    },
    {
        "url": "https://www.glassesshop.com/eyeglasses/fz1301",
        "img_url": "https://glassesshop-res.cloudinary.com/w_800,h_400,c_pad/products/201904/5cb69b51406fd.jpg",
        "name": "Moore - Black/Red",
        "price": "$29.95"
    },
    {
        "url": "https://www.glassesshop.com/eyeglasses/fz1300",
        "img_url": "https://glassesshop-res.cloudinary.com/w_800,h_400,c_pad/products/201904/5cb69b513b29c.jpg",
        "name": "Moore - Burgundy",
        "price": "$29.95"
    },
    {
        "url": "https://www.glassesshop.com/eyeglasses/sup0622",
        "img_url": "https://glassesshop-res.cloudinary.com/w_800,h_400,c_pad/products/201904/5cb69b5e59b5c.jpg",
        "name": "Wilker - Black",
        "price": "$35.95"
    },
    {
        "url": "https://www.glassesshop.com/eyeglasses/fp1843",
        "img_url": "https://glassesshop-res.cloudinary.com/w_800,h_400,c_pad/products/201904/5cb69b51374f0.jpg",
        "name": "Buttler - Gray",
        "price": "$19.95"
    },
    {
        "url": "https://www.glassesshop.com/eyeglasses/fp1842",
        "img_url": "https://glassesshop-res.cloudinary.com/w_800,h_400,c_pad/products/201904/5cb69b513279a.jpg",
        "name": "Buttler - Tortoise",
        "price": "$19.95"
    },
    {
        "url": "https://www.glassesshop.com/eyeglasses/fp1841",
        "img_url": "https://glassesshop-res.cloudinary.com/w_800,h_400,c_pad/products/201904/5cb69b512d7b0.jpg",
        "name": "Buttler - Black",
        "price": "$19.95"
    },
    {
        "url": "https://www.glassesshop.com/eyeglasses/fp1813",
        "img_url": "https://glassesshop-res.cloudinary.com/w_800,h_400,c_pad/products/201903/5c99cd695a05d.jpg",
        "name": "Niagara - Mblack",
        "price": "$35.95"
    },
    {
        "url": "https://www.glassesshop.com/eyeglasses/fp1811",
        "img_url": "https://glassesshop-res.cloudinary.com/w_800,h_400,c_pad/products/201903/5c99cd69532dc.jpg",
        "name": "Binghamton - Blue",
        "price": "$24.95"
    },
    {
        "url": "https://www.glassesshop.com/eyeglasses/fp1810",
        "img_url": "https://glassesshop-res.cloudinary.com/w_800,h_400,c_pad/products/201903/5c99cd4254304.jpg",
        "name": "Gloversville - Red",
        "price": "$24.95"
    },
    {
        "url": "https://www.glassesshop.com/eyeglasses/fp1808",
        "img_url": "https://glassesshop-res.cloudinary.com/w_800,h_400,c_pad/products/201903/5c99cd424e89d.jpg",
        "name": "Hempstead - Blue",
        "price": "$24.95"
    },
    {
        "url": "https://www.glassesshop.com/eyeglasses/fp1806",
        "img_url": "https://glassesshop-res.cloudinary.com/w_800,h_400,c_pad/products/201903/5c99cd4249635.jpg",
        "name": "Watertown - Blue",
        "price": "$24.95"
    },
    {
        "url": "https://www.glassesshop.com/eyeglasses/fp1805",
        "img_url": "https://glassesshop-res.cloudinary.com/w_800,h_400,c_pad/products/201903/5c99cd4246eda.jpg",
        "name": "Watertown - Red",
        "price": "$24.95"
    },
    {
        "url": "https://www.glassesshop.com/eyeglasses/fp1804",
        "img_url": "https://glassesshop-res.cloudinary.com/w_800,h_400,c_pad/products/201903/5c99cd4244575.jpg",
        "name": "Watertown - Brown",
        "price": "$24.95"
    },
    {
        "url": "https://www.glassesshop.com/eyeglasses/fp1800",
        "img_url": "https://glassesshop-res.cloudinary.com/w_800,h_400,c_pad/products/201903/5c99cd423b5ad.jpg",
        "name": "Utica - Tortoise",
        "price": "$24.95"
    },
    {
        "url": "https://www.glassesshop.com/eyeglasses/fp1795",
        "img_url": "https://glassesshop-res.cloudinary.com/w_800,h_400,c_pad/products/201903/5c99cd4238b37.jpg",
        "name": "Syracuse - Blue",
        "price": "$24.95"
    },
    {
        "url": "https://www.glassesshop.com/eyeglasses/fp1794",
        "img_url": "https://glassesshop-res.cloudinary.com/w_800,h_400,c_pad/products/201903/5c99cd42365e6.jpg",
        "name": "Syracuse - Red",
        "price": "$24.95"
    },
    {
        "url": "https://www.glassesshop.com/eyeglasses/fp1793",
        "img_url": "https://glassesshop-res.cloudinary.com/w_800,h_400,c_pad/products/201903/5c99cd4233d01.jpg",
        "name": "Syracuse - Brown",
        "price": "$24.95"
    },
    {
        "url": "https://www.glassesshop.com/eyeglasses/fm1370",
        "img_url": "https://glassesshop-res.cloudinary.com/w_800,h_400,c_pad/products/201903/5c99cd28256d5.jpg",
        "name": "Newark - Rose Gold",
        "price": "$29.95"
    },
    {
        "url": "https://www.glassesshop.com/eyeglasses/fm1366",
        "img_url": "https://glassesshop-res.cloudinary.com/w_800,h_400,c_pad/products/201903/5c99cd281a701.jpg",
        "name": "Atlantic - Silver",
        "price": "$29.95"
    },
    {
        "url": "https://www.glassesshop.com/eyeglasses/fm1360",
        "img_url": "https://glassesshop-res.cloudinary.com/w_800,h_400,c_pad/products/201903/5c99cd2807ef9.jpg",
        "name": "Tupelo - Gunmetal",
        "price": "$29.95"
    },
    {
        "url": "https://www.glassesshop.com/eyeglasses/ft0281",
        "img_url": "https://glassesshop-res.cloudinary.com/w_800,h_400,c_pad/products/201901/5c4fb59a29990.jpg",
        "name": "Ingersoll - Black/Golden",
        "price": "$39.95"
    },
    {
        "url": "https://www.glassesshop.com/eyeglasses/sm0877",
        "img_url": "https://glassesshop-res.cloudinary.com/w_800,h_400,c_pad/products/201901/5c34038823b50.jpg",
        "name": "Broderick - Black",
        "price": "$29.95"
    },
    {
        "url": "https://www.glassesshop.com/eyeglasses/fz1299",
        "img_url": "https://glassesshop-res.cloudinary.com/w_800,h_400,c_pad/products/201901/5c340388202fb.jpg",
        "name": "Hume - Black",
        "price": "$29.95"
    },
    {
        "url": "https://www.glassesshop.com/eyeglasses/ft0278",
        "img_url": "https://glassesshop-res.cloudinary.com/w_800,h_400,c_pad/products/201901/5c34038810a7e.jpg",
        "name": "Hughes - Purple/Golden",
        "price": "$39.95"
    },
    {
        "url": "https://www.glassesshop.com/eyeglasses/ft0276",
        "img_url": "https://glassesshop-res.cloudinary.com/w_800,h_400,c_pad/products/201901/5c3403880ae30.jpg",
        "name": "Huggins - Rose Gold",
        "price": "$39.95"
    },
    {
        "url": "https://www.glassesshop.com/eyeglasses/fp1781",
        "img_url": "https://glassesshop-res.cloudinary.com/w_800,h_400,c_pad/products/201812/5c244586d7042.jpg",
        "name": "Hubbard - Purple",
        "price": "$19.95"
    },
    {
        "url": "https://www.glassesshop.com/eyeglasses/sm0873",
        "img_url": "https://glassesshop-res.cloudinary.com/w_800,h_400,c_pad/products/201812/5c2436850b4ce.jpg",
        "name": "Hoyle - Green",
        "price": "$19.95"
    },
    {
        "url": "https://www.glassesshop.com/eyeglasses/sm0875",
        "img_url": "https://glassesshop-res.cloudinary.com/w_800,h_400,c_pad/products/201812/5c2436851108b.jpg",
        "name": "Horatio - Blue",
        "price": "$19.95"
    },
    {
        "url": "https://www.glassesshop.com/eyeglasses/fz1296",
        "img_url": "https://glassesshop-res.cloudinary.com/w_800,h_400,c_pad/products/201812/5c243684e8a77.jpg",
        "name": "Hopkins - Black",
        "price": "$29.95"
    },
    {
        "url": "https://www.glassesshop.com/eyeglasses/fz1293",
        "img_url": "https://glassesshop-res.cloudinary.com/w_800,h_400,c_pad/products/201812/5c243684dffb3.jpg",
        "name": "Hoover - Tortoise",
        "price": "$29.95"
    },
    {
        "url": "https://www.glassesshop.com/eyeglasses/fz1290",
        "img_url": "https://glassesshop-res.cloudinary.com/w_800,h_400,c_pad/products/201812/5c243684d6f9d.jpg",
        "name": "Hood - Tortoise",
        "price": "$35.95"
    },
    {
        "url": "https://www.glassesshop.com/eyeglasses/fz1283",
        "img_url": "https://glassesshop-res.cloudinary.com/w_800,h_400,c_pad/products/201812/5c2436747fca4.jpg",
        "name": "Hodgson - Tortoise",
        "price": "$35.95"
    },
    {
        "url": "https://www.glassesshop.com/eyeglasses/fm1354",
        "img_url": "https://glassesshop-res.cloudinary.com/w_800,h_400,c_pad/products/201812/5c2436744ec7f.jpg",
        "name": "Haywood - Black/Rose Gold",
        "price": "$29.95"
    },
    {
        "url": "https://www.glassesshop.com/eyeglasses/fm1352",
        "img_url": "https://glassesshop-res.cloudinary.com/w_800,h_400,c_pad/products/201812/5c243674485c6.jpg",
        "name": "Haywood - Gunmetal",
        "price": "$29.95"
    },
    {
        "url": "https://www.glassesshop.com/eyeglasses/fm1351",
        "img_url": "https://glassesshop-res.cloudinary.com/w_800,h_400,c_pad/products/201812/5c24367445780.jpg",
        "name": "Hawthorn - Blue",
        "price": "$29.95"
    },
    {
        "url": "https://www.glassesshop.com/eyeglasses/fm1349",
        "img_url": "https://glassesshop-res.cloudinary.com/w_800,h_400,c_pad/products/201812/5c2436744043a.jpg",
        "name": "Hawthorn - Black",
        "price": "$29.95"
    },
    {
        "url": "https://www.glassesshop.com/eyeglasses/fp1775",
        "img_url": "https://glassesshop-res.cloudinary.com/w_800,h_400,c_pad/products/201812/5c0799b9ed90a.jpg",
        "name": "Haggai - Black/Gunmetal",
        "price": "$29.95"
    },
    {
        "url": "https://www.glassesshop.com/eyeglasses/fm1333",
        "img_url": "https://glassesshop-res.cloudinary.com/w_800,h_400,c_pad/products/201811/5bf5215f06899.jpg",
        "name": "Gracie - Black/Golden",
        "price": "$29.95"
    },
    {
        "url": "https://www.glassesshop.com/eyeglasses/fm1330",
        "img_url": "https://glassesshop-res.cloudinary.com/w_800,h_400,c_pad/products/201811/5bf5215ef272a.jpg",
        "name": "Goose - Purple/Silver",
        "price": "$29.95"
    },
    {
        "url": "https://www.glassesshop.com/eyeglasses/sup0567",
        "img_url": "https://glassesshop-res.cloudinary.com/w_800,h_400,c_pad/products/201811/5be91fb063b10.jpg",
        "name": "Gaskell - Gunmetal",
        "price": "$35.95"
    },
    {
        "url": "https://www.glassesshop.com/eyeglasses/sup0563",
        "img_url": "https://glassesshop-res.cloudinary.com/w_800,h_400,c_pad/products/201811/5be91fb057e5d.jpg",
        "name": "Giles - Brown",
        "price": "$35.95"
    },
    {
        "url": "https://www.glassesshop.com/eyeglasses/sup0562",
        "img_url": "https://glassesshop-res.cloudinary.com/w_800,h_400,c_pad/products/201811/5be91fb054e2d.jpg",
        "name": "Giles - Black",
        "price": "$35.95"
    },
    {
        "url": "https://www.glassesshop.com/eyeglasses/sup0561",
        "img_url": "https://glassesshop-res.cloudinary.com/w_800,h_400,c_pad/products/201811/5be91fb051c78.jpg",
        "name": "Giles - Red",
        "price": "$35.95"
    },
    {
        "url": "https://www.glassesshop.com/eyeglasses/fz1282",
        "img_url": "https://glassesshop-res.cloudinary.com/w_800,h_400,c_pad/products/201811/5be91fb010cbc.jpg",
        "name": "Finn - Tortoise/Pink",
        "price": "$29.95"
    },
    {
        "url": "https://www.glassesshop.com/eyeglasses/fz1280",
        "img_url": "https://glassesshop-res.cloudinary.com/w_800,h_400,c_pad/products/201811/5be91fb00b4b8.jpg",
        "name": "Finn - Black",
        "price": "$29.95"
    },
    {
        "url": "https://www.glassesshop.com/eyeglasses/fz1279",
        "img_url": "https://glassesshop-res.cloudinary.com/w_800,h_400,c_pad/products/201810/5bbc50f665fff.jpg",
        "name": "Ezekiel - Blue",
        "price": "$29.95"
    },
    {
        "url": "https://www.glassesshop.com/eyeglasses/fz1278",
        "img_url": "https://glassesshop-res.cloudinary.com/w_800,h_400,c_pad/products/201810/5bbc50f66304b.jpg",
        "name": "Ezekiel - Burgundy",
        "price": "$29.95"
    },
    {
        "url": "https://www.glassesshop.com/eyeglasses/fz1276",
        "img_url": "https://glassesshop-res.cloudinary.com/w_800,h_400,c_pad/products/201810/5bbc50f65d9e5.jpg",
        "name": "Gill - Floral",
        "price": "$29.95"
    },
    {
        "url": "https://www.glassesshop.com/eyeglasses/fz1269",
        "img_url": "https://glassesshop-res.cloudinary.com/w_800,h_400,c_pad/products/201810/5bbc509cca408.jpg",
        "name": "Genevieve - Purple Tortoise",
        "price": "$29.95"
    },
    {
        "url": "https://www.glassesshop.com/eyeglasses/fz1268",
        "img_url": "https://glassesshop-res.cloudinary.com/w_800,h_400,c_pad/products/201810/5bbc509cc7c07.jpg",
        "name": "Genevieve - Tortoise",
        "price": "$29.95"
    },
    {
        "url": "https://www.glassesshop.com/eyeglasses/fz1266",
        "img_url": "https://glassesshop-res.cloudinary.com/w_800,h_400,c_pad/products/201810/5bbc508525a92.jpg",
        "name": "Evelyn - Black/Red",
        "price": "$29.95"
    },
    {
        "url": "https://www.glassesshop.com/eyeglasses/fz1265",
        "img_url": "https://glassesshop-res.cloudinary.com/w_800,h_400,c_pad/products/201810/5bbc5085221a1.jpg",
        "name": "Evelyn - Black",
        "price": "$29.95"
    },
    {
        "url": "https://www.glassesshop.com/eyeglasses/fz1264",
        "img_url": "https://glassesshop-res.cloudinary.com/w_800,h_400,c_pad/products/201810/5bbc50851e668.jpg",
        "name": "Evangeline - Tortoise",
        "price": "$29.95"
    },
    {
        "url": "https://www.glassesshop.com/eyeglasses/fz1262",
        "img_url": "https://glassesshop-res.cloudinary.com/w_800,h_400,c_pad/products/201810/5bbc50851716e.jpg",
        "name": "Evangeline - Crystal",
        "price": "$29.95"
    },
    {
        "url": "https://www.glassesshop.com/eyeglasses/fz1256",
        "img_url": "https://glassesshop-res.cloudinary.com/w_800,h_400,c_pad/products/201810/5bbc4f1b255af.jpg",
        "name": "Dinah - Red",
        "price": "$29.95"
    },
    {
        "url": "https://www.glassesshop.com/eyeglasses/fz1255",
        "img_url": "https://glassesshop-res.cloudinary.com/w_800,h_400,c_pad/products/201810/5bbc4f1b20b27.jpg",
        "name": "Dinah - Black",
        "price": "$29.95"
    },
    {
        "url": "https://www.glassesshop.com/eyeglasses/fm1306",
        "img_url": "https://glassesshop-res.cloudinary.com/w_800,h_400,c_pad/products/201810/5bbc4ef63570b.jpg",
        "name": "Uriah - Black",
        "price": "$29.95"
    },
    {
        "url": "https://www.glassesshop.com/eyeglasses/fz1249",
        "img_url": "https://glassesshop-res.cloudinary.com/w_800,h_400,c_pad/products/201810/5bbc4f0f32bee.jpg",
        "name": "Vivian - Black",
        "price": "$29.95"
    },
    {
        "url": "https://www.glassesshop.com/eyeglasses/fp1774",
        "img_url": "https://glassesshop-res.cloudinary.com/w_800,h_400,c_pad/products/201809/5bac31dd1cca8.jpg",
        "name": "Winchester - Black",
        "price": "$19.95"
    },
    {
        "url": "https://www.glassesshop.com/eyeglasses/fp1773",
        "img_url": "https://glassesshop-res.cloudinary.com/w_800,h_400,c_pad/products/201809/5bac31dd1a36c.jpg",
        "name": "Winchester - Blue",
        "price": "$19.95"
    },
    {
        "url": "https://www.glassesshop.com/eyeglasses/fp1771",
        "img_url": "https://glassesshop-res.cloudinary.com/w_800,h_400,c_pad/products/201809/5bac31dd1506f.jpg",
        "name": "Winchester - MBlack",
        "price": "$19.95"
    },
    {
        "url": "https://www.glassesshop.com/eyeglasses/rm0284",
        "img_url": "https://glassesshop-res.cloudinary.com/w_800,h_400,c_pad/products/201808/5b7e0efac1a88.jpg",
        "name": "Cara - Silver",
        "price": "$45.95"
    },
    {
        "url": "https://www.glassesshop.com/eyeglasses/fz1248",
        "img_url": "https://glassesshop-res.cloudinary.com/w_800,h_400,c_pad/products/201808/5b7e0efab6568.jpg",
        "name": "Beulah - Purple",
        "price": "$34.95"
    },
    {
        "url": "https://www.glassesshop.com/eyeglasses/fz1245",
        "img_url": "https://glassesshop-res.cloudinary.com/w_800,h_400,c_pad/products/201811/5bf617e81244a.jpg",
        "name": "Beulah - Black",
        "price": "$34.95"
    },
    {
        "url": "https://www.glassesshop.com/eyeglasses/fp1765",
        "img_url": "https://glassesshop-res.cloudinary.com/w_800,h_400,c_pad/products/201808/5b7e0ee299d9f.jpg",
        "name": "Audrey - Black",
        "price": "$24.95"
    },
    {
        "url": "https://www.glassesshop.com/eyeglasses/fp1764",
        "img_url": "https://glassesshop-res.cloudinary.com/w_800,h_400,c_pad/products/201808/5b7e0ee2975f3.jpg",
        "name": "Arlene - Purple",
        "price": "$24.95"
    },
    {
        "url": "https://www.glassesshop.com/eyeglasses/fp1763",
        "img_url": "https://glassesshop-res.cloudinary.com/w_800,h_400,c_pad/products/201904/5ca2bda91b3a0.jpg",
        "name": "Arlene - Crystal/Tortoise",
        "price": "$24.95"
    },
    {
        "url": "https://www.glassesshop.com/eyeglasses/fp1762",
        "img_url": "https://glassesshop-res.cloudinary.com/w_800,h_400,c_pad/products/201808/5b7e0ee291eff.jpg",
        "name": "Arlene - Black",
        "price": "$24.95"
    },
    {
        "url": "https://www.glassesshop.com/eyeglasses/sup0532",
        "img_url": "https://glassesshop-res.cloudinary.com/w_800,h_400,c_pad/products/201808/5b7283e13c3ab.jpg",
        "name": "Wright - Brown",
        "price": "$39.95"
    },
    {
        "url": "https://www.glassesshop.com/eyeglasses/sup0527",
        "img_url": "https://glassesshop-res.cloudinary.com/w_800,h_400,c_pad/products/201808/5b7283c733121.jpg",
        "name": "Xavier - Black",
        "price": "$39.95"
    },
    {
        "url": "https://www.glassesshop.com/eyeglasses/fp1760",
        "img_url": "https://glassesshop-res.cloudinary.com/w_800,h_400,c_pad/products/201807/5b5fdc3c66281.jpg",
        "name": "Nathan - Burgundy",
        "price": "$29.95"
    },
    {
        "url": "https://www.glassesshop.com/eyeglasses/fp1758",
        "img_url": "https://glassesshop-res.cloudinary.com/w_800,h_400,c_pad/products/201807/5b5fdc2d6f460.jpg",
        "name": "Nathan - Black",
        "price": "$29.95"
    },
    {
        "url": "https://www.glassesshop.com/eyeglasses/fp1756",
        "img_url": "https://glassesshop-res.cloudinary.com/w_800,h_400,c_pad/products/201807/5b5fdc1dd3790.jpg",
        "name": "Nat - Blue",
        "price": "$19.95"
    },
    {
        "url": "https://www.glassesshop.com/eyeglasses/fp1755",
        "img_url": "https://glassesshop-res.cloudinary.com/w_800,h_400,c_pad/products/201807/5b5fdc1527869.jpg",
        "name": "Nat - Black",
        "price": "$19.95"
    },
    {
        "url": "https://www.glassesshop.com/eyeglasses/fp1754",
        "img_url": "https://glassesshop-res.cloudinary.com/w_800,h_400,c_pad/products/201807/5b5fdc0dc1b98.jpg",
        "name": "Myron - Green/Black",
        "price": "$19.95"
    },
    {
        "url": "https://www.glassesshop.com/eyeglasses/fp1747",
        "img_url": "https://glassesshop-res.cloudinary.com/w_800,h_400,c_pad/products/201807/5b5fc22e9933f.jpg",
        "name": "Murphy Classeic Wayframe - Tortoise",
        "price": "$39.95"
    },
    {
        "url": "https://www.glassesshop.com/eyeglasses/fp1746",
        "img_url": "https://glassesshop-res.cloudinary.com/w_800,h_400,c_pad/products/201811/5bebc0387547c.jpg",
        "name": "Murphy Classeic Wayframe - Black",
        "price": "$39.95"
    },
    {
        "url": "https://www.glassesshop.com/eyeglasses/fz1216",
        "img_url": "https://glassesshop-res.cloudinary.com/w_800,h_400,c_pad/products/201807/5b594067487be.jpg",
        "name": "Lester - Cyan",
        "price": "$34.95"
    },
    {
        "url": "https://www.glassesshop.com/eyeglasses/fz1213",
        "img_url": "https://glassesshop-res.cloudinary.com/w_800,h_400,c_pad/products/201808/06043929_14935.jpg",
        "name": "Lester - Black",
        "price": "$34.95"
    },
    {
        "url": "https://www.glassesshop.com/eyeglasses/sup0509",
        "img_url": "https://glassesshop-res.cloudinary.com/w_800,h_400,c_pad/products/201807/5b4db90b0447d.jpg",
        "name": "Sid - Gunmetal",
        "price": "$39.95"
    },
    {
        "url": "https://www.glassesshop.com/eyeglasses/sm0853",
        "img_url": "https://glassesshop-res.cloudinary.com/w_800,h_400,c_pad/products/201807/5b4eeb6190433.jpg",
        "name": "Rupert - Gunmetal",
        "price": "$35.95"
    },
    {
        "url": "https://www.glassesshop.com/eyeglasses/fz1206",
        "img_url": "https://glassesshop-res.cloudinary.com/w_800,h_400,c_pad/products/201807/5b4db881b7d9e.jpg",
        "name": "Roy - Red",
        "price": "$35.95"
    },
    {
        "url": "https://www.glassesshop.com/eyeglasses/fz1204",
        "img_url": "https://glassesshop-res.cloudinary.com/w_800,h_400,c_pad/products/201807/5b4db873a3c0e.jpg",
        "name": "Roy - Black",
        "price": "$35.95"
    },
    {
        "url": "https://www.glassesshop.com/eyeglasses/fz1207",
        "img_url": "https://glassesshop-res.cloudinary.com/w_800,h_400,c_pad/products/201807/5b4c5f5d54841.jpg",
        "name": "Pete - Tortoise",
        "price": "$39.95"
    },
    {
        "url": "https://www.glassesshop.com/eyeglasses/fp1743",
        "img_url": "https://glassesshop-res.cloudinary.com/w_800,h_400,c_pad/products/201807/5b4c4e3e1db37.jpg",
        "name": "Otis - Tortoise",
        "price": "$19.95"
    },
    {
        "url": "https://www.glassesshop.com/eyeglasses/fp1742",
        "img_url": "https://glassesshop-res.cloudinary.com/w_800,h_400,c_pad/products/201807/5b4c4e365c7ab.jpg",
        "name": "Otis - Black",
        "price": "$19.95"
    },
    {
        "url": "https://www.glassesshop.com/eyeglasses/fp1741",
        "img_url": "https://glassesshop-res.cloudinary.com/w_800,h_400,c_pad/products/201807/5b4c4e2ea05f7.jpg",
        "name": "Oswald - Mblack",
        "price": "$19.95"
    },
    {
        "url": "https://www.glassesshop.com/eyeglasses/fp1740",
        "img_url": "https://glassesshop-res.cloudinary.com/w_800,h_400,c_pad/products/201807/5b4c4e27147a9.jpg",
        "name": "Oswald - Gray",
        "price": "$19.95"
    },
    {
        "url": "https://www.glassesshop.com/eyeglasses/fp1737",
        "img_url": "https://glassesshop-res.cloudinary.com/w_800,h_400,c_pad/products/201807/5b4c4e0eb20e4.jpg",
        "name": "Oswald - Crystal",
        "price": "$19.95"
    },
    {
        "url": "https://www.glassesshop.com/eyeglasses/fp1734",
        "img_url": "https://glassesshop-res.cloudinary.com/w_800,h_400,c_pad/products/201807/5b4c4df75efc3.jpg",
        "name": "Osmond - Black",
        "price": "$19.95"
    },
    {
        "url": "https://www.glassesshop.com/eyeglasses/fm1271",
        "img_url": "https://glassesshop-res.cloudinary.com/w_800,h_400,c_pad/products/201807/5b4c4d7b98167.jpg",
        "name": "Omar - Gunmetal",
        "price": "$19.95"
    },
    {
        "url": "https://www.glassesshop.com/eyeglasses/fm1269",
        "img_url": "https://glassesshop-res.cloudinary.com/w_800,h_400,c_pad/products/201807/5b4c4d6c9cb81.jpg",
        "name": "Omar - Black",
        "price": "$19.95"
    },
    {
        "url": "https://www.glassesshop.com/eyeglasses/fp1730",
        "img_url": "https://glassesshop-res.cloudinary.com/w_800,h_400,c_pad/products/201807/5b3dd02194eeb.jpg",
        "name": "Grover - Black",
        "price": "$34.95"
    },
    {
        "url": "https://www.glassesshop.com/eyeglasses/fp1727",
        "img_url": "https://glassesshop-res.cloudinary.com/w_800,h_400,c_pad/products/201807/5b3dcff30c19c.jpg",
        "name": "Dove - Tortoise",
        "price": "$34.95"
    },
    {
        "url": "https://www.glassesshop.com/eyeglasses/fp1726",
        "img_url": "https://glassesshop-res.cloudinary.com/w_800,h_400,c_pad/products/201807/5b3dcfeb7bc2f.jpg",
        "name": "Dove - Black",
        "price": "$34.95"
    },
    {
        "url": "https://www.glassesshop.com/eyeglasses/fp1724",
        "img_url": "https://glassesshop-res.cloudinary.com/w_800,h_400,c_pad/products/201807/5b3dcfdb8dcd4.jpg",
        "name": "Felix - Black",
        "price": "$35.95"
    },
    {
        "url": "https://www.glassesshop.com/eyeglasses/fp1722",
        "img_url": "https://glassesshop-res.cloudinary.com/w_800,h_400,c_pad/products/201807/5b3dcfcc49a86.jpg",
        "name": "Ben - Black",
        "price": "$35.95"
    },
    {
        "url": "https://www.glassesshop.com/eyeglasses/fp1720",
        "img_url": "https://glassesshop-res.cloudinary.com/w_800,h_400,c_pad/products/201807/5b3dcfbc52782.jpg",
        "name": "Olga - Black",
        "price": "$34.95"
    },
    {
        "url": "https://www.glassesshop.com/eyeglasses/fp1658",
        "img_url": "https://glassesshop-res.cloudinary.com/w_800,h_400,c_pad/products/201806/5b10dfd765cde.jpg",
        "name": "Fancy - Multicolor",
        "price": "$14.95"
    },
    {
        "url": "https://www.glassesshop.com/eyeglasses/fp1662",
        "img_url": "https://glassesshop-res.cloudinary.com/w_800,h_400,c_pad/products/201806/5b10dff1e3d4d.jpg",
        "name": "Earl - Black/Crystal",
        "price": "$19.95"
    },
    {
        "url": "https://www.glassesshop.com/eyeglasses/fp1663",
        "img_url": "https://glassesshop-res.cloudinary.com/w_800,h_400,c_pad/products/201806/5b10dff95b48f.jpg",
        "name": "Earl - Brown",
        "price": "$19.95"
    },
    {
        "url": "https://www.glassesshop.com/eyeglasses/fp1664",
        "img_url": "https://glassesshop-res.cloudinary.com/w_800,h_400,c_pad/products/201806/5b10e0017183c.jpg",
        "name": "Earl - Black/Blue",
        "price": "$19.95"
    },
    {
        "url": "https://www.glassesshop.com/eyeglasses/fp1665",
        "img_url": "https://glassesshop-res.cloudinary.com/w_800,h_400,c_pad/products/201806/5b10e008e975d.jpg",
        "name": "Edwiin - Black",
        "price": "$19.95"
    },
    {
        "url": "https://www.glassesshop.com/eyeglasses/fp1666",
        "img_url": "https://glassesshop-res.cloudinary.com/w_800,h_400,c_pad/products/201806/5b10e01166a9d.jpg",
        "name": "Edwiin - Blue/Crystal",
        "price": "$19.95"
    },
    {
        "url": "https://www.glassesshop.com/eyeglasses/fp1668",
        "img_url": "https://glassesshop-res.cloudinary.com/w_800,h_400,c_pad/products/201806/5b10e0b0b7f96.jpg",
        "name": "Defoe - Black",
        "price": "$24.95"
    },
    {
        "url": "https://www.glassesshop.com/eyeglasses/fp1670",
        "img_url": "https://glassesshop-res.cloudinary.com/w_800,h_400,c_pad/products/201806/5b10e0c20c77c.jpg",
        "name": "Defoe - Gray",
        "price": "$24.95"
    },
    {
        "url": "https://www.glassesshop.com/eyeglasses/fp1675",
        "img_url": "https://glassesshop-res.cloudinary.com/w_800,h_400,c_pad/products/201806/5b10e0e979ef0.jpg",
        "name": "Dillon - Gray",
        "price": "$24.95"
    },
    {
        "url": "https://www.glassesshop.com/eyeglasses/fz1160",
        "img_url": "https://glassesshop-res.cloudinary.com/w_800,h_400,c_pad/products/201805/5b0fae35b001b.jpg",
        "name": "Enoch - Black/White",
        "price": "$19.95"
    },
    {
        "url": "https://www.glassesshop.com/eyeglasses/fz1159",
        "img_url": "https://glassesshop-res.cloudinary.com/w_800,h_400,c_pad/products/201805/5b0fae2e711fc.jpg",
        "name": "Enoch - Purple",
        "price": "$19.95"
    },
    {
        "url": "https://www.glassesshop.com/eyeglasses/fz1158",
        "img_url": "https://glassesshop-res.cloudinary.com/w_800,h_400,c_pad/products/201805/5b0fae276f84e.jpg",
        "name": "Enoch - Black",
        "price": "$19.95"
    },
    {
        "url": "https://www.glassesshop.com/eyeglasses/sm0833",
        "img_url": "https://glassesshop-res.cloudinary.com/w_800,h_400,c_pad/products/201805/5b0518b21b35b.jpg",
        "name": "Cowper - Black",
        "price": "$34.95"
    },
    {
        "url": "https://www.glassesshop.com/eyeglasses/fp1704",
        "img_url": "https://glassesshop-res.cloudinary.com/w_800,h_400,c_pad/products/201805/5b03bbe0add06.jpg",
        "name": "Heather - Brown",
        "price": "$29.95"
    },
    {
        "url": "https://www.glassesshop.com/eyeglasses/fp1719",
        "img_url": "https://glassesshop-res.cloudinary.com/w_800,h_400,c_pad/products/201902/5c7757050ca47.jpg",
        "name": "Jean - Black",
        "price": "$24.95"
    },
    {
        "url": "https://www.glassesshop.com/eyeglasses/fp1718",
        "img_url": "https://glassesshop-res.cloudinary.com/w_800,h_400,c_pad/products/201805/5b03bc7688e76.jpg",
        "name": "Jean - Tortoise",
        "price": "$24.95"
    },
    {
        "url": "https://www.glassesshop.com/eyeglasses/fp1717",
        "img_url": "https://glassesshop-res.cloudinary.com/w_800,h_400,c_pad/products/201805/5b03bc6e7b94e.jpg",
        "name": "Jean - Red",
        "price": "$24.95"
    },
    {
        "url": "https://www.glassesshop.com/eyeglasses/fp1694",
        "img_url": "https://glassesshop-res.cloudinary.com/w_800,h_400,c_pad/products/201805/5b03be967b506.jpg",
        "name": "Lexingto - Clear Pattern",
        "price": "$29.95"
    },
    {
        "url": "https://www.glassesshop.com/eyeglasses/fp1697",
        "img_url": "https://glassesshop-res.cloudinary.com/w_800,h_400,c_pad/products/201805/5b03beaa13479.jpg",
        "name": "Novia - Black/Crystal",
        "price": "$19.95"
    },
    {
        "url": "https://www.glassesshop.com/eyeglasses/fp1650",
        "img_url": "https://glassesshop-res.cloudinary.com/w_800,h_400,c_pad/products/201805/5afe7ec7e357d.jpg",
        "name": "Owen - Black/Crystal",
        "price": "$19.95"
    },
    {
        "url": "https://www.glassesshop.com/eyeglasses/fp1649",
        "img_url": "https://glassesshop-res.cloudinary.com/w_800,h_400,c_pad/products/201908/5d4d18d0e18b7.jpg",
        "name": "Owen - Blue/Crystal",
        "price": "$19.95"
    },
    {
        "url": "https://www.glassesshop.com/eyeglasses/fp1647",
        "img_url": "https://glassesshop-res.cloudinary.com/w_800,h_400,c_pad/products/201805/5afe7eacbb789.jpg",
        "name": "Angel  Wayframe - Brown",
        "price": "$19.95"
    },
    {
        "url": "https://www.glassesshop.com/eyeglasses/fp1646",
        "img_url": "https://glassesshop-res.cloudinary.com/w_800,h_400,c_pad/products/201805/5afe7ea43b647.jpg",
        "name": "Angel  Wayframe - Black",
        "price": "$19.95"
    },
    {
        "url": "https://www.glassesshop.com/eyeglasses/fp1643",
        "img_url": "https://glassesshop-res.cloudinary.com/w_800,h_400,c_pad/products/201805/5afe7e88af2fc.jpg",
        "name": "Isaiah - Tortoise",
        "price": "$19.95"
    },
    {
        "url": "https://www.glassesshop.com/eyeglasses/fp1642",
        "img_url": "https://glassesshop-res.cloudinary.com/w_800,h_400,c_pad/products/201805/5afe7e7fcc113.jpg",
        "name": "Isaiah - Blue",
        "price": "$19.95"
    },
    {
        "url": "https://www.glassesshop.com/eyeglasses/fp1639",
        "img_url": "https://glassesshop-res.cloudinary.com/w_800,h_400,c_pad/products/201805/5afe7e64195f1.jpg",
        "name": "Mason - Black",
        "price": "$29.95"
    },
    {
        "url": "https://www.glassesshop.com/eyeglasses/fp1637",
        "img_url": "https://glassesshop-res.cloudinary.com/w_800,h_400,c_pad/products/201805/5afe7e536749c.jpg",
        "name": "Dylan - Gray",
        "price": "$29.95"
    },
    {
        "url": "https://www.glassesshop.com/eyeglasses/fp1615",
        "img_url": "https://glassesshop-res.cloudinary.com/w_800,h_400,c_pad/products/201805/5afe7cfbc9f87.jpg",
        "name": "Agnes - Purple",
        "price": "$19.95"
    },
    {
        "url": "https://www.glassesshop.com/eyeglasses/fp1661",
        "img_url": "https://glassesshop-res.cloudinary.com/w_800,h_400,c_pad/products/201805/5af16009d7b28.jpg",
        "name": "Derrick - Black/Golden",
        "price": "$29.95"
    },
    {
        "url": "https://www.glassesshop.com/eyeglasses/fm1178",
        "img_url": "https://glassesshop-res.cloudinary.com/w_800,h_400,c_pad/products/201804/5acd64955af9c.jpg",
        "name": "Plato - Gunmetal",
        "price": "\n                                        "
    },
    {
        "url": "https://www.glassesshop.com/eyeglasses/fm1184",
        "img_url": "https://glassesshop-res.cloudinary.com/w_800,h_400,c_pad/products/201804/5acd64c835129.jpg",
        "name": "Plato - Bronze",
        "price": "$24.95"
    },
    {
        "url": "https://www.glassesshop.com/eyeglasses/fp1595",
        "img_url": "https://glassesshop-res.cloudinary.com/w_800,h_400,c_pad/products/201805/5afb97530e13e.jpg",
        "name": "Jerry - Blue",
        "price": "$29.95"
    },
    {
        "url": "https://www.glassesshop.com/eyeglasses/fp1593",
        "img_url": "https://glassesshop-res.cloudinary.com/w_800,h_400,c_pad/products/201805/5afb961147318.jpg",
        "name": "Jerry - Gray",
        "price": "$29.95"
    },
    {
        "url": "https://www.glassesshop.com/eyeglasses/fp1568",
        "img_url": "https://glassesshop-res.cloudinary.com/w_800,h_400,c_pad/products/201803/5ab495a47a944.jpg",
        "name": "Cooksville - Tortoise",
        "price": "$24.95"
    },
    {
        "url": "https://www.glassesshop.com/eyeglasses/fp1566",
        "img_url": "https://glassesshop-res.cloudinary.com/w_800,h_400,c_pad/products/201803/5ab495953edf7.jpg",
        "name": "Cooksville - Red",
        "price": "$24.95"
    },
    {
        "url": "https://www.glassesshop.com/eyeglasses/fp1565",
        "img_url": "https://glassesshop-res.cloudinary.com/w_800,h_400,c_pad/products/201803/5ab49500a3081.jpg",
        "name": "Thomasville - Blue",
        "price": "$24.95"
    },
    {
        "url": "https://www.glassesshop.com/eyeglasses/fp1563",
        "img_url": "https://glassesshop-res.cloudinary.com/w_800,h_400,c_pad/products/201803/5ab494f1c1911.jpg",
        "name": "Thomasville - Crystal",
        "price": "$24.95"
    },
    {
        "url": "https://www.glassesshop.com/eyeglasses/fp1560",
        "img_url": "https://glassesshop-res.cloudinary.com/w_800,h_400,c_pad/products/201801/5a6581ecbd7f1.jpg",
        "name": "Buffalo - Black",
        "price": "$24.95"
    },
    {
        "url": "https://www.glassesshop.com/eyeglasses/fp1543",
        "img_url": "https://glassesshop-res.cloudinary.com/w_800,h_400,c_pad/products/201801/5a65815f91df3.jpg",
        "name": "Adam - Black",
        "price": "$29.95"
    },
    {
        "url": "https://www.glassesshop.com/eyeglasses/fp1515",
        "img_url": "https://glassesshop-res.cloudinary.com/w_800,h_400,c_pad/products/201712/5a2f93bede8d3.jpg",
        "name": "Mentor - Black",
        "price": "$29.95"
    },
    {
        "url": "https://www.glassesshop.com/eyeglasses/fp1508",
        "img_url": "https://glassesshop-res.cloudinary.com/w_800,h_400,c_pad/products/201807/5b3b102ed9395.jpg",
        "name": "Bruno - Black",
        "price": "$24.95"
    },
    {
        "url": "https://www.glassesshop.com/eyeglasses/fp1504",
        "img_url": "https://glassesshop-res.cloudinary.com/w_800,h_400,c_pad/products/201712/5a2f936dd2b85.jpg",
        "name": "Joyce - Brown",
        "price": "$19.95"
    },
    {
        "url": "https://www.glassesshop.com/eyeglasses/fp1503",
        "img_url": "https://glassesshop-res.cloudinary.com/w_800,h_400,c_pad/products/201712/5a2f93664b4ed.jpg",
        "name": "Joyce - Red",
        "price": "$19.95"
    },
    {
        "url": "https://www.glassesshop.com/eyeglasses/fp1502",
        "img_url": "https://glassesshop-res.cloudinary.com/w_800,h_400,c_pad/products/201712/5a2f935ef2c88.jpg",
        "name": "Astrid - Red",
        "price": "$19.95"
    },
    {
        "url": "https://www.glassesshop.com/eyeglasses/fp1500",
        "img_url": "https://glassesshop-res.cloudinary.com/w_800,h_400,c_pad/products/201712/5a2f935043bf5.jpg",
        "name": "Astrid - Purple",
        "price": "$19.95"
    },
    {
        "url": "https://www.glassesshop.com/eyeglasses/sm0787",
        "img_url": "https://glassesshop-res.cloudinary.com/w_800,h_400,c_pad/products/201811/5bff5bf283882.jpg",
        "name": "Darcy - Black",
        "price": "$29.95"
    },
    {
        "url": "https://www.glassesshop.com/eyeglasses/fp1444",
        "img_url": "https://glassesshop-res.cloudinary.com/w_800,h_400,c_pad/products/201804/5ae43ded23161.jpg",
        "name": "Norwalk - Gray",
        "price": "$19.95"
    },
    {
        "url": "https://www.glassesshop.com/eyeglasses/fp1457",
        "img_url": "https://glassesshop-res.cloudinary.com/w_800,h_400,c_pad/products/201711/59fd65025f7ef.jpg",
        "name": "Zoe - Purple",
        "price": "$12.95"
    },
    {
        "url": "https://www.glassesshop.com/eyeglasses/fp1456",
        "img_url": "https://glassesshop-res.cloudinary.com/w_800,h_400,c_pad/products/201909/5d78687bcd2bf.jpg",
        "name": "Zoe - Black/Purple",
        "price": "$12.95"
    },
    {
        "url": "https://www.glassesshop.com/eyeglasses/fp1454",
        "img_url": "https://glassesshop-res.cloudinary.com/w_800,h_400,c_pad/products/201908/5d4d18cc108de.jpg",
        "name": "Valentina - Red",
        "price": "$19.95"
    },
    {
        "url": "https://www.glassesshop.com/eyeglasses/fp1439",
        "img_url": "https://glassesshop-res.cloudinary.com/w_800,h_400,c_pad/products/201711/59fd6474ba4d4.jpg",
        "name": "Prince - Black",
        "price": "$19.95"
    },
    {
        "url": "https://www.glassesshop.com/eyeglasses/fp1438",
        "img_url": "https://glassesshop-res.cloudinary.com/w_800,h_400,c_pad/products/201711/59fd646d8b5e8.jpg",
        "name": "Prince - Tortoise",
        "price": "$19.95"
    },
    {
        "url": "https://www.glassesshop.com/eyeglasses/fp1437",
        "img_url": "https://glassesshop-res.cloudinary.com/w_800,h_400,c_pad/products/201711/59fd64661a767.jpg",
        "name": "Prince - Black/Red",
        "price": "$19.95"
    },
    {
        "url": "https://www.glassesshop.com/eyeglasses/fp1412",
        "img_url": "https://glassesshop-res.cloudinary.com/w_800,h_400,c_pad/products/201808/5b873cb022cd6.jpg",
        "name": "Modesto - Tortoise",
        "price": "$25.95"
    },
    {
        "url": "https://www.glassesshop.com/eyeglasses/fp1411",
        "img_url": "https://glassesshop-res.cloudinary.com/w_800,h_400,c_pad/products/201710/59e4598958f4c.jpg",
        "name": "Kelowna - Black",
        "price": "$19.95"
    },
    {
        "url": "https://www.glassesshop.com/eyeglasses/fp1409",
        "img_url": "https://glassesshop-res.cloudinary.com/w_800,h_400,c_pad/products/201710/59e4597b52b63.jpg",
        "name": "Kelowna - Brown",
        "price": "$19.95"
    },
    {
        "url": "https://www.glassesshop.com/eyeglasses/fz1098",
        "img_url": "https://glassesshop-res.cloudinary.com/w_800,h_400,c_pad/products/201710/59e01c91dd8f1.jpg",
        "name": "Laura - Tortoise",
        "price": "$29.95"
    },
    {
        "url": "https://www.glassesshop.com/eyeglasses/fz1097",
        "img_url": "https://glassesshop-res.cloudinary.com/w_800,h_400,c_pad/products/201710/59e01c89f07a4.jpg",
        "name": "Laura - Gray",
        "price": "$29.95"
    },
    {
        "url": "https://www.glassesshop.com/eyeglasses/fz1094",
        "img_url": "https://glassesshop-res.cloudinary.com/w_800,h_400,c_pad/products/201811/5bff5bf27139c.jpg",
        "name": "Buckeye - Pink",
        "price": "$29.95"
    },
    {
        "url": "https://www.glassesshop.com/eyeglasses/fz1090",
        "img_url": "https://glassesshop-res.cloudinary.com/w_800,h_400,c_pad/products/201710/59e01c58d5a53.jpg",
        "name": "Mandy - Black",
        "price": "$29.95"
    },
    {
        "url": "https://www.glassesshop.com/eyeglasses/fz1089",
        "img_url": "https://glassesshop-res.cloudinary.com/w_800,h_400,c_pad/products/201710/59e01c51ef38a.jpg",
        "name": "Mandy - Tortoise",
        "price": "$29.95"
    },
    {
        "url": "https://www.glassesshop.com/eyeglasses/fz1087",
        "img_url": "https://glassesshop-res.cloudinary.com/w_800,h_400,c_pad/products/201710/59e01c443bff6.jpg",
        "name": "Mandy - Tortoise/Pink",
        "price": "$29.95"
    },
    {
        "url": "https://www.glassesshop.com/eyeglasses/fp1383",
        "img_url": "https://glassesshop-res.cloudinary.com/w_800,h_400,c_pad/products/201708/5991584378e62.jpg",
        "name": "Douglas - Tortoise",
        "price": "$29.95"
    },
    {
        "url": "https://www.glassesshop.com/eyeglasses/fp1400",
        "img_url": "https://glassesshop-res.cloudinary.com/w_800,h_400,c_pad/products/201708/5984140f6714e.jpg",
        "name": "Plymouth - Black/Yellow",
        "price": "$24.95"
    },
    {
        "url": "https://www.glassesshop.com/eyeglasses/fz1016",
        "img_url": "https://glassesshop-res.cloudinary.com/w_800,h_400,c_pad/products/201707/595c86434f34a.jpg",
        "name": "Iowa - Black",
        "price": "$29.95"
    },
    {
        "url": "https://www.glassesshop.com/eyeglasses/fp1364",
        "img_url": "https://glassesshop-res.cloudinary.com/w_800,h_400,c_pad/products/201808/5b873cb01e9f7.jpg",
        "name": "Evansville - Blue",
        "price": "$19.95"
    },
    {
        "url": "https://www.glassesshop.com/eyeglasses/fp1362",
        "img_url": "https://glassesshop-res.cloudinary.com/w_800,h_400,c_pad/products/201903/5c8721b66cc5a.jpg",
        "name": "Evansville - Tortoise",
        "price": "$19.95"
    },
    {
        "url": "https://www.glassesshop.com/eyeglasses/fp1326",
        "img_url": "https://glassesshop-res.cloudinary.com/w_800,h_400,c_pad/products/201705/5912aaac54269.jpg",
        "name": "West - Black",
        "price": "$24.95"
    },
    {
        "url": "https://www.glassesshop.com/eyeglasses/fz0983",
        "img_url": "https://glassesshop-res.cloudinary.com/w_800,h_400,c_pad/products/201808/5b873cb02e60f.jpg",
        "name": "Miami - Crystal",
        "price": "$29.95"
    },
    {
        "url": "https://www.glassesshop.com/eyeglasses/fz0981",
        "img_url": "https://glassesshop-res.cloudinary.com/w_800,h_400,c_pad/products/201704/58f85d7927324.jpg",
        "name": "Miami - Tortoise",
        "price": "$29.95"
    },
    {
        "url": "https://www.glassesshop.com/eyeglasses/fp1281",
        "img_url": "https://glassesshop-res.cloudinary.com/w_800,h_400,c_pad/products/201701/587f15a44801d.jpg",
        "name": "Wood - Crystal/Tortoise",
        "price": "$29.95"
    },
    {
        "url": "https://www.glassesshop.com/eyeglasses/fp1280",
        "img_url": "https://glassesshop-res.cloudinary.com/w_800,h_400,c_pad/products/201701/587f15a445f13.jpg",
        "name": "Wood - Black",
        "price": "$29.95"
    },
    {
        "url": "https://www.glassesshop.com/eyeglasses/fp1275",
        "img_url": "https://glassesshop-res.cloudinary.com/w_800,h_400,c_pad/products/201701/587f15a43bdb9.jpg",
        "name": "Land - Black",
        "price": "$19.95"
    },
    {
        "url": "https://www.glassesshop.com/eyeglasses/fp1232",
        "img_url": "https://glassesshop-res.cloudinary.com/w_800,h_400,c_pad/products/201611/58252d0bc746b.jpg",
        "name": "Trenton - Brown",
        "price": "\n                                        "
    },
    {
        "url": "https://www.glassesshop.com/eyeglasses/fz0890",
        "img_url": "https://glassesshop-res.cloudinary.com/w_800,h_400,c_pad/products/201804/5adab16a79e0c.jpg",
        "name": "Jefferson - Tortoise",
        "price": "$29.95"
    },
    {
        "url": "https://www.glassesshop.com/eyeglasses/fz0889",
        "img_url": "https://glassesshop-res.cloudinary.com/w_800,h_400,c_pad/products/201804/5adab16262899.jpg",
        "name": "Jefferson - Black",
        "price": "$29.95"
    },
    {
        "url": "https://www.glassesshop.com/eyeglasses/fp1181",
        "img_url": "https://glassesshop-res.cloudinary.com/w_800,h_400,c_pad/products/201909/5d789a4d38ba2.jpg",
        "name": "Darlene - Purple",
        "price": "$19.95"
    },
    {
        "url": "https://www.glassesshop.com/eyeglasses/fp1180",
        "img_url": "https://glassesshop-res.cloudinary.com/w_800,h_400,c_pad/products/201805/5afb93dbb0fb9.jpg",
        "name": "Celeste - Black",
        "price": "$19.95"
    },
    {
        "url": "https://www.glassesshop.com/eyeglasses/fp1169",
        "img_url": "https://glassesshop-res.cloudinary.com/w_800,h_400,c_pad/products/201702/58ae78f2551e5.jpg",
        "name": "Coolidge - Crystal/White",
        "price": "$29.95"
    },
    {
        "url": "https://www.glassesshop.com/eyeglasses/fp1168",
        "img_url": "https://glassesshop-res.cloudinary.com/w_800,h_400,c_pad/products/201702/58ae78f252584.jpg",
        "name": "Coolidge - Black",
        "price": "$29.95"
    },
    {
        "url": "https://www.glassesshop.com/eyeglasses/fp1134",
        "img_url": "https://glassesshop-res.cloudinary.com/w_800,h_400,c_pad/products/201604/57917ebf91814.jpg",
        "name": "Paine clip-on - Purple",
        "price": "$35.95"
    },
    {
        "url": "https://www.glassesshop.com/eyeglasses/fp1133",
        "img_url": "https://glassesshop-res.cloudinary.com/w_800,h_400,c_pad/products/201604/57917ec0a009f.jpg",
        "name": "Paine clip-on - Black",
        "price": "$35.95"
    },
    {
        "url": "https://www.glassesshop.com/eyeglasses/rm0247",
        "img_url": "https://glassesshop-res.cloudinary.com/w_800,h_400,c_pad/products/201703/58c7556ccda85.jpg",
        "name": "Terre - Golden",
        "price": "$32.95"
    },
    {
        "url": "https://www.glassesshop.com/eyeglasses/fp1113",
        "img_url": "https://glassesshop-res.cloudinary.com/w_800,h_400,c_pad/products/201708/5983fe799661a.jpg",
        "name": "Hyannis - Brown",
        "price": "$29.95"
    },
    {
        "url": "https://www.glassesshop.com/eyeglasses/fp1112",
        "img_url": "https://glassesshop-res.cloudinary.com/w_800,h_400,c_pad/products/201710/59e55c87434bb.jpg",
        "name": "Hyannis - Tortoise",
        "price": "$29.95"
    },
    {
        "url": "https://www.glassesshop.com/eyeglasses/fp1111",
        "img_url": "https://glassesshop-res.cloudinary.com/w_800,h_400,c_pad/products/201708/5983fe6c817c5.jpg",
        "name": "Hyannis - Blue",
        "price": "$29.95"
    },
    {
        "url": "https://www.glassesshop.com/eyeglasses/fp1110",
        "img_url": "https://glassesshop-res.cloudinary.com/w_800,h_400,c_pad/products/201708/5983fe65ed003.jpg",
        "name": "Hyannis - Black",
        "price": "$29.95"
    },
    {
        "url": "https://www.glassesshop.com/eyeglasses/fp1094",
        "img_url": "https://glassesshop-res.cloudinary.com/w_800,h_400,c_pad/products/201703/58c754bfb14d5.jpg",
        "name": "Jersey - Red",
        "price": "$19.95"
    },
    {
        "url": "https://www.glassesshop.com/eyeglasses/fp1093",
        "img_url": "https://glassesshop-res.cloudinary.com/w_800,h_400,c_pad/products/201703/58dcf69ac876f.jpg",
        "name": "Jersey - Blue",
        "price": "$19.95"
    },
    {
        "url": "https://www.glassesshop.com/eyeglasses/fp1092",
        "img_url": "https://glassesshop-res.cloudinary.com/w_800,h_400,c_pad/products/201703/58c754be91668.jpg",
        "name": "Hoboken - Red",
        "price": "$19.95"
    },
    {
        "url": "https://www.glassesshop.com/eyeglasses/fp1089",
        "img_url": "https://glassesshop-res.cloudinary.com/w_800,h_400,c_pad/products/201512/57917ec1aefbc.jpg",
        "name": "Reno clip-on - Black Tortoise (Blue Mirror-coating)",
        "price": "$35.95"
    },
    {
        "url": "https://www.glassesshop.com/eyeglasses/fp1063",
        "img_url": "https://glassesshop-res.cloudinary.com/w_800,h_400,c_pad/products/201703/58c905888dd69.jpg",
        "name": "Lina - Blue",
        "price": "$29.95"
    },
    {
        "url": "https://www.glassesshop.com/eyeglasses/fp1062",
        "img_url": "https://glassesshop-res.cloudinary.com/w_800,h_400,c_pad/products/201703/58bcc705861f8.jpg",
        "name": "Lina - Green",
        "price": "\n                                        "
    },
    {
        "url": "https://www.glassesshop.com/eyeglasses/fp0989",
        "img_url": "https://glassesshop-res.cloudinary.com/w_800,h_400,c_pad/products/201808/5b873cb01adee.jpg",
        "name": "Hillsborough - Black/Chocolate",
        "price": "$19.95"
    },
    {
        "url": "https://www.glassesshop.com/eyeglasses/fp0985",
        "img_url": "https://glassesshop-res.cloudinary.com/w_800,h_400,c_pad/products/201703/58dcb61d82aea.jpg",
        "name": "Callan - Black",
        "price": "$19.95"
    },
    {
        "url": "https://www.glassesshop.com/eyeglasses/fp0917",
        "img_url": "https://glassesshop-res.cloudinary.com/w_800,h_400,c_pad/products/201709/59c9aad199397.jpg",
        "name": "BowlingGreen - Black",
        "price": "$29.95"
    },
    {
        "url": "https://www.glassesshop.com/eyeglasses/fp0611",
        "img_url": "https://glassesshop-res.cloudinary.com/w_800,h_400,c_pad/products/201703/58dcb60839138.jpg",
        "name": "Sudbury - Black",
        "price": "$29.95"
    },
    {
        "url": "https://www.glassesshop.com/eyeglasses/fp0606",
        "img_url": "https://glassesshop-res.cloudinary.com/w_800,h_400,c_pad/products/201703/58bcc6fd3b72a.jpg",
        "name": "Steven - Black/Blue",
        "price": "$19.95"
    },
    {
        "url": "https://www.glassesshop.com/eyeglasses/fp0481",
        "img_url": "https://glassesshop-res.cloudinary.com/w_800,h_400,c_pad/products/201811/5bff5b8d6a000.jpg",
        "name": "Steven - Black/Crystal",
        "price": "$19.95"
    }
]