[
    {
        "title": "Simplified Package 216 x 3mm Buckyballs Magnetic DIY Balls Neocube TTH-417687",
        "url": "https://www.tinydeal.com.hk/simplified-package-216-x-3mm-buckyballs-magnetic-diy-balls-neocube-p-153376.html",
        "discoutned_price": "$3.81",
        "original_price": "$6.62 "
    },
    {
        "title": "1 Pair of Silicone Magnetic Losing Weight Toe Rings HBI-13397",
        "url": "https://www.tinydeal.com.hk/1-pair-of-silicone-magnetic-losing-weight-toe-rings-p-12727.html",
        "discoutned_price": "$0.95",
        "original_price": "$3.20 "
    },
    {
        "title": "1/10 pcs Bottle Shaped Survival Tool Flint Fire Starter Lighter HUI-112592",
        "url": "https://www.tinydeal.com.hk/110-pcs-bottle-shaped-survival-tool-flint-fire-starter-lighter-p-66547.html",
        "discoutned_price": "$1.05",
        "original_price": "$3.28 "
    },
    {
        "title": "2.4GHz 1600dpi Wireless Optical Mouse Mice CMS-11833-C3",
        "url": "https://www.tinydeal.com.hk/24ghz-1600dpi-wireless-optical-mouse-mice-p-168444.html",
        "discoutned_price": "$3.51",
        "original_price": "$6.74 "
    },
    {
        "title": "1/2 pcs Standard 1M Magnetic Charge Cable + Detachable Micro USB Metal Plug EPACB-487297",
        "url": "https://www.tinydeal.com.hk/12-pcs-standard-1m-magnetic-charge-cable-detachable-micro-usb-metal-plug-p-156704.html",
        "discoutned_price": "$2.66",
        "original_price": "$6.18 "
    },
    {
        "title": "1.4\" LCD Digital Thermometer - Black HUI-26047",
        "url": "https://www.tinydeal.com.hk/14-lcd-digital-thermometer-black-p-21871.html",
        "discoutned_price": "$1.90",
        "original_price": "$4.86 "
    },
    {
        "title": "Teeth Whitening Pen Tooth Gel Whitener Bleach HBI-113105",
        "url": "https://www.tinydeal.com.hk/teeth-whitening-pen-tooth-gel-whitener-bleach-p-66709.html",
        "discoutned_price": "$1.77",
        "original_price": "$5.84 "
    },
    {
        "title": "KINGSTON 8GB Class 4 Micro SDHC Memory Card AKSTF08G",
        "url": "https://www.tinydeal.com.hk/kingston-8gb-class-4-micro-sdhc-memory-card-p-3525.html",
        "discoutned_price": "$4.25",
        "original_price": "$6.62 "
    },
    {
        "title": "i7s TWS Bluetooth V4.1 Earphones with Charging Case EDT-562039",
        "url": "https://www.tinydeal.com.hk/i7s-tws-bluetooth-v41-earphones-with-charging-case-p-178936.html",
        "discoutned_price": "$7.47",
        "original_price": "$18.62 "
    },
    {
        "title": "1/2/4 pcs Original Xiaomi WIFI Amplifier 2 300Mbps Wireless Wi-Fi Extender E-523361",
        "url": "https://www.tinydeal.com.hk/124-pcs-original-xiaomi-wifi-amplifier-2-300mbps-wireless-wi-fi-extender-p-163175.html",
        "discoutned_price": "$9.71",
        "original_price": "$17.44 "
    },
    {
        "title": "10pcs Colorful Rose Flower Plant Seeds TDS-378192",
        "url": "https://www.tinydeal.com.hk/10pcs-colorful-rose-flower-plant-seeds-p-145998.html",
        "discoutned_price": "$0.76",
        "original_price": "$2.77 "
    },
    {
        "title": "SK68 CREE Q5 3W 3-Mode Zoom LED Flashlight Torch with Clip FLD-34942",
        "url": "https://www.tinydeal.com.hk/sk68-cree-q5-3w-3-mode-zoom-led-flashlight-torch-with-clip-p-28879.html",
        "discoutned_price": "$3.52",
        "original_price": "$6.13 "
    },
    {
        "title": "Gum Strap Touch Screen Unisex LED Digital Watch WUS-166536",
        "url": "https://www.tinydeal.com.hk/gum-strap-touch-screen-unisex-led-digital-watch-p-86516.html",
        "discoutned_price": "$1.77",
        "original_price": "$3.89 "
    },
    {
        "title": "New Silicone Bracelet Electronic Digital LED Sport Wrist Watch WWT-357380",
        "url": "https://www.tinydeal.com.hk/new-silicone-bracelet-electronic-digital-led-sport-wrist-watch-p-140958.html",
        "discoutned_price": "$1.80",
        "original_price": "$6.13 "
    },
    {
        "title": "18g Super Strong Sealant Fix Metal Adhesive Sealing Glue Bond HHI-557389",
        "url": "https://www.tinydeal.com.hk/18g-super-strong-sealant-fix-metal-adhesive-sealing-glue-bond-p-177571.html",
        "discoutned_price": "$1.52",
        "original_price": "$3.85 "
    },
    {
        "title": "Original Xiaomi Piston Dazzle Edition Earphones with Mic EEP-455477-C3",
        "url": "https://www.tinydeal.com.hk/original-xiaomi-piston-dazzle-edition-earphones-with-mic-p-160055.html",
        "discoutned_price": "$5.62",
        "original_price": "$6.46 "
    },
    {
        "title": "1/2/4/6 pcs Magnetic Therapy Tourmaline Thermal Self-Heating Neck Pad BBI-276863",
        "url": "https://www.tinydeal.com.hk/1246-pcs-magnetic-therapy-tourmaline-thermal-self-heating-neck-pad-p-118329.html",
        "discoutned_price": "$1.22",
        "original_price": "$3.85 "
    },
    {
        "title": "Power Balance Silicone Wristband Bracelet Energy Bracelets E-546551",
        "url": "https://www.tinydeal.com.hk/power-balance-silicone-wristband-bracelet-energy-bracelets-p-173899.html",
        "discoutned_price": "$0.99",
        "original_price": "$4.49 "
    },
    {
        "title": "Light Controlled Square LED Wall Night Lamp Bedroom Night Light HLT-506114",
        "url": "https://www.tinydeal.com.hk/light-controlled-square-led-wall-night-lamp-bedroom-night-light-p-158312.html",
        "discoutned_price": "$2.14",
        "original_price": "$5.19 "
    },
    {
        "title": "1/2 pcs CREE XM-L T6 1-LED 3800LM 5 Modes Zoom LED Flashlight STH-485135",
        "url": "https://www.tinydeal.com.hk/12-pcs-cree-xm-l-t6-1-led-3800lm-5-modes-zoom-led-flashlight-p-156642.html",
        "discoutned_price": "$5.82",
        "original_price": "$6.59 "
    },
    {
        "title": "Universal Micro-USB OTG TF/SD Card Reader for Smartphone Tablet PC ECACR-483880",
        "url": "https://www.tinydeal.com.hk/universal-micro-usb-otg-tfsd-card-reader-for-smartphone-tablet-pc-p-156504.html",
        "discoutned_price": "$1.04",
        "original_price": "$2.52 "
    },
    {
        "title": "Portable Mini LCD Digital Tyre Tire Pressure Gauge Tester CTL-27481",
        "url": "https://www.tinydeal.com.hk/portable-mini-lcd-digital-tyre-tire-pressure-gauge-tester-p-23322.html",
        "discoutned_price": "$3.16",
        "original_price": "$3.85 "
    },
    {
        "title": "20mm x 3M/Roll Luminous Tape Self-adhesive Glow In The Dark Safety Stage Tape HHI-540155",
        "url": "https://www.tinydeal.com.hk/20mm-x-3mroll-luminous-tape-self-adhesive-glow-in-the-dark-safety-stage-tape-p-171138.html",
        "discoutned_price": "$1.95",
        "original_price": "$6.74 "
    },
    {
        "title": "3pcs Tiger Head Menthol Balm Refreshing Relief Headache Oil BBI-561968",
        "url": "https://www.tinydeal.com.hk/3pcs-tiger-head-menthol-balm-refreshing-relief-headache-oil-p-178874.html",
        "discoutned_price": "$0.94",
        "original_price": "$6.62 "
    },
    {
        "title": "3D Sleeping Eye Mask Sleep Mask Blindfold for Home Office Travel Use HHI-322220",
        "url": "https://www.tinydeal.com.hk/3d-sleeping-eye-mask-sleep-mask-blindfold-for-home-office-travel-use-p-132095.html",
        "discoutned_price": "$1.17",
        "original_price": "$6.13 "
    },
    {
        "title": "SanDisk A1 64GB UHS-I / Class 10 up to 98MB / s Micro SDHC Memory Card EFM-530162",
        "url": "https://www.tinydeal.com.hk/sandisk-a1-64gb-uhs-i-class-10-up-to-98mb-s-micro-sdhc-memory-card-p-165915.html",
        "discoutned_price": "$10.40",
        "original_price": "$18.88 "
    },
    {
        "title": "EU Plug 5V 2A Dual USB Charger Adapter for Smartphone iPhone EPACG-492768",
        "url": "https://www.tinydeal.com.hk/eu-plug-5v-2a-dual-usb-charger-adapter-for-smartphone-iphone-p-157194.html",
        "discoutned_price": "$2.23",
        "original_price": "$3.12 "
    },
    {
        "title": "Silicon Stop Snoring Nose Clip Anti snore Sleep Night Free Aid Tool DTH-499950",
        "url": "https://www.tinydeal.com.hk/silicon-stop-snoring-nose-clip-anti-snore-sleep-night-free-aid-tool-p-157829.html",
        "discoutned_price": "$1.09",
        "original_price": "$3.89 "
    },
    {
        "title": "6pcs 6-Layer Razor Blades + Shaver Handle HHI-557375",
        "url": "https://www.tinydeal.com.hk/6pcs-6-layer-razor-blades-shaver-handle-p-178095.html",
        "discoutned_price": "$3.35",
        "original_price": "$6.67 "
    },
    {
        "title": "1/2 pcs 1.2M Black Xiaomi USB Data Cable EPACB-384733",
        "url": "https://www.tinydeal.com.hk/12-pcs-12m-black-xiaomi-usb-data-cable-p-147487.html",
        "discoutned_price": "$1.45",
        "original_price": "$3.47 "
    },
    {
        "title": "2-in-1 Vintage Blue Rhinestone Necklace + Earring Jewelry Set DJA-562974",
        "url": "https://www.tinydeal.com.hk/2-in-1-vintage-blue-rhinestone-necklace-earring-jewelry-set-p-180097.html",
        "discoutned_price": "$2.20",
        "original_price": "$5.76 "
    },
    {
        "title": "Men's Shaper Tummy Tank Top Slimming Vest Weight Loss Shapewear Neoprene No Zip BKH-542005",
        "url": "https://www.tinydeal.com.hk/mens-shaper-tummy-tank-top-slimming-vest-weight-loss-shapewear-neoprene-no-zip-p-172045.html",
        "discoutned_price": "$6.49",
        "original_price": "$9.08 "
    },
    {
        "title": "Stainless Steel Small Quickdraw Carabiner with Locking SCH-314987",
        "url": "https://www.tinydeal.com.hk/stainless-steel-small-quickdraw-carabiner-with-locking-p-129565.html",
        "discoutned_price": "$0.95",
        "original_price": "$1.56 "
    },
    {
        "title": "ESTRELLA  32G USB2.0 High Speed Mini Flash Drive Waterproof USB EUD-555514",
        "url": "https://www.tinydeal.com.hk/estrella-32g-usb20-high-speed-mini-flash-drive-waterproof-usb-p-176841.html",
        "discoutned_price": "$5.34",
        "original_price": "$13.60 "
    },
    {
        "title": "1/2 pcs Car Visor Glasses Sunglasses Ticket Clip Holder - Color Assorted RIG-179460",
        "url": "https://www.tinydeal.com.hk/12-pcs-car-visor-glasses-sunglasses-ticket-clip-holder-color-assorted-p-90302.html",
        "discoutned_price": "$1.41",
        "original_price": "$3.84 "
    },
    {
        "title": "1/4/10 pcs 3M VHB Double Sided Adhesive Acrylic Foam Tape Scotch Tape RTH-545063",
        "url": "https://www.tinydeal.com.hk/1410-pcs-3m-vhb-double-sided-adhesive-acrylic-foam-tape-scotch-tape--p-173455.html",
        "discoutned_price": "$1.77",
        "original_price": "$3.57 "
    },
    {
        "title": "Battery Capacity Tester Battery Checker Detector for 1.5V/9V AA AAA Batterries HHIHE-532404",
        "url": "https://www.tinydeal.com.hk/battery-capacity-tester-battery-checker-detector-for-15v9v-aa-aaa-batterries-p-166925.html",
        "discoutned_price": "$2.95",
        "original_price": "$6.17 "
    },
    {
        "title": "2-Pin US to EU Power Plug Converter CAD-7594",
        "url": "https://www.tinydeal.com.hk/2-pin-us-to-eu-power-plug-converter-p-7245.html",
        "discoutned_price": "$0.95",
        "original_price": "$3.89 "
    },
    {
        "title": "2pcs Creative Fruit Spray Tool Juice Juicer Lemon Sprayer Kitchen Tool HKI-170135",
        "url": "https://www.tinydeal.com.hk/2pcs-creative-fruit-spray-tool-juice-juicer-lemon-sprayer-kitchen-tool-p-87470.html",
        "discoutned_price": "$2.34",
        "original_price": "$5.84 "
    },
    {
        "title": "1/4 pcs Original Xiaomi USB Type-C to Micro USB Adapter EPACB-483246",
        "url": "https://www.tinydeal.com.hk/14-pcs-original-xiaomi-usb-type-to-micro-usb-adapter-p-156512.html",
        "discoutned_price": "$1.55",
        "original_price": "$5.75 "
    },
    {
        "title": "4pcs Replacement Toothbrush Heads for Braun Oral B EB-25A HHI-539617",
        "url": "https://www.tinydeal.com.hk/4pcs-replacement-toothbrush-heads-for-braun-oral-b-eb-25a-p-170943.html",
        "discoutned_price": "$2.45",
        "original_price": "$4.85 "
    },
    {
        "title": "SanDisk A1 32GB UHS-I / Class 10 up to 98MB / s Micro SDHC Memory Card EFM-530161",
        "url": "https://www.tinydeal.com.hk/sandisk-a1-32gb-uhs-i-class-10-up-to-98mb-s-micro-sdhc-memory-card-p-165914.html",
        "discoutned_price": "$6.24",
        "original_price": "$11.59 "
    },
    {
        "title": "3.5 inch Touch LCD Display 480 x 320 f Raspberry Pi 2/3 Model B + Pen E-524992",
        "url": "https://www.tinydeal.com.hk/35-inch-touch-lcd-display-480-x-320-f-raspberry-pi-23-model-b-pen-p-163952.html",
        "discoutned_price": "$12.68",
        "original_price": "$17.44 "
    },
    {
        "title": "Tiger Balm Headache Pain Relief Ointment STH-564052",
        "url": "https://www.tinydeal.com.hk/tiger-balm-headache-pain-relief-ointment-p-180015.html",
        "discoutned_price": "$2.97",
        "original_price": "$6.33 "
    },
    {
        "title": "1/2/5/10 pcs Snore Stopper Silicone Nose Clip Sleeping Device BKH-531636",
        "url": "https://www.tinydeal.com.hk/12510-pcs-snore-stopper-silicone-nose-clip-sleeping-device-p-166268.html",
        "discoutned_price": "$0.77",
        "original_price": "$3.63 "
    },
    {
        "title": "Magic Nano Emery Sponge Brush Eraser Cleaner Rust Cleaning Tool HKI-502638",
        "url": "https://www.tinydeal.com.hk/magic-nano-emery-sponge-brush-eraser-cleaner-rust-cleaning-tool-p-158101.html",
        "discoutned_price": "$1.08",
        "original_price": "$3.56 "
    },
    {
        "title": "Type-C to USB 3.0 Type A OTG Adapter ECACR-562051",
        "url": "https://www.tinydeal.com.hk/type-to-usb-30-type-a-otg-adapter-p-178935.html",
        "discoutned_price": "$1.25",
        "original_price": "$6.62 "
    },
    {
        "title": "Stainless Steel Vacuum Sealed Red Wine Bottle Stopper Spout HKI-507455",
        "url": "https://www.tinydeal.com.hk/stainless-steel-vacuum-sealed-red-wine-bottle-stopper-spout-p-158461.html",
        "discoutned_price": "$2.21",
        "original_price": "$2.89 "
    },
    {
        "title": "Mini I8+ Wireless 92key Backlit Air Mouse Touchpad f Laptop TV Box ECAKB-510384",
        "url": "https://www.tinydeal.com.hk/mini-i8-wireless-92key-backlit-air-mouse-touchpad-f-laptop-tv-box-p-158951.html",
        "discoutned_price": "$8.82",
        "original_price": "$18.34 "
    },
    {
        "title": "Flexible Detachable Low Power Consumption Silence USB Fan E-552562",
        "url": "https://www.tinydeal.com.hk/flexible-detachable-low-power-consumption-silence-usb-fan-p-176004.html",
        "discoutned_price": "$1.32",
        "original_price": "$6.47 "
    },
    {
        "title": "64GB USB 2.0 Flash Drive USB Pen Drive U Disk EFM-561923",
        "url": "https://www.tinydeal.com.hk/64gb-usb-20-flash-drive-usb-pen-drive-u-disk-p-178875.html",
        "discoutned_price": "$6.52",
        "original_price": "$18.62 "
    },
    {
        "title": "Xiaomi Mi Band 4 Smart Bracelet Bluetooth 5.0 Wristband Fitness Bracelet E-572250",
        "url": "https://www.tinydeal.com.hk/xiaomi-mi-band-4-smart-bracelet-bluetooth-50-wristband-fitness-bracelet-p-182355.html",
        "discoutned_price": "$35.96",
        "original_price": "$87.98 "
    },
    {
        "title": "Magnet Therapy Posture Corrector Shoulder Back Support Belt HHI-485885-S5",
        "url": "https://www.tinydeal.com.hk/magnet-therapy-posture-corrector-shoulder-back-support-belt-p-167332.html",
        "discoutned_price": "$2.66",
        "original_price": "$6.13 "
    },
    {
        "title": "Fashion Wide Leather Strap Round Style Male Quartz Wrist Watch WMN-145945",
        "url": "https://www.tinydeal.com.hk/fashion-wide-leather-strap-round-style-male-quartz-wrist-watch-p-79312.html",
        "discoutned_price": "$4.45",
        "original_price": "$6.13 "
    },
    {
        "title": "216 x 5mm Buckyballs Magic Magnetic DIY Balls FTY-12600",
        "url": "https://www.tinydeal.com.hk/216-x-5mm-buckyballs-magic-magnetic-diy-balls-p-11077.html",
        "discoutned_price": "$9.71",
        "original_price": "$17.62 "
    },
    {
        "title": "ALIKE Fashion 50M Waterproof Men Analog-digital Wrist Watch WMN-205187-C3",
        "url": "https://www.tinydeal.com.hk/alike-fashion-50m-waterproof-men-analog-digital-wrist-watch-p-163295.html",
        "discoutned_price": "$9.26",
        "original_price": "$19.02 "
    }
]