2007-01-04,0.001228293096145805
2007-01-05,-0.0060845777458155
2007-01-08,0.0022203148165225173
2007-01-09,-0.0005166897879448351
2007-01-10,0.0019403587539215117
2007-01-11,0.00633989468848295
2007-01-12,0.004853141548791351
2007-01-16,0.0008177643580551397
2007-01-17,-0.0008939171729870354
2007-01-18,-0.0029707399588989603
2007-01-19,0.0028954619067984577
2007-01-22,-0.005277874868926946
2007-01-23,0.0035419375241574347
2007-01-24,0.00850146009425834
2007-01-25,-0.011269815919396131
2007-01-26,-0.0012079499964885443
2007-01-29,-0.0010969075644434723
2007-01-30,0.005772127662569959
2007-01-31,0.006592852843605224
2007-02-01,0.005353765713649983
2007-02-02,0.0016943994909885962
2007-02-05,-0.0009665904901304812
2007-02-06,0.0006980006772678848
2007-02-07,0.0013950276243093196
2007-02-08,-0.0011792940787024309
2007-02-09,-0.007077214132333531
2007-02-12,-0.0032613381917305784
2007-02-13,0.007597480064463591
2007-02-14,0.00764405300984583
2007-02-15,0.001037586751872377
2007-02-16,-0.0008717677665583956
2007-02-20,0.0028443052063151786
2007-02-21,-0.0014044174065548365
2007-02-22,-0.0008575564443651373
2007-02-23,-0.0035636303711943373
2007-02-26,-0.001254143151482645
2007-02-27,-0.03472543242926229
2007-02-28,0.005560956084172064
2007-03-01,-0.0025945039166346273
2007-03-02,-0.011402752339345956
2007-03-05,-0.009407642898851765
2007-03-06,0.015493552237068275
2007-03-07,-0.00246522527429216
2007-03-08,0.007126590371919095
2007-03-09,0.0006776565921717825
2007-03-12,0.002680277152062871
2007-03-13,-0.020368263898762895
2007-03-14,0.00669109909648391
2007-03-15,0.0036837590201632686
2007-03-16,-0.003828252937627452
2007-03-19,0.010894408594397609
2007-03-20,0.006333537794388278
2007-03-21,0.017080811373977545
2007-03-22,-0.00034842234362808533
2007-03-23,0.001094427481980187
2007-03-26,0.0009678924316383064
2007-03-27,-0.006184347826087011
2007-03-28,-0.007965784923806951
2007-03-29,0.0037396893940997433
2007-03-30,-0.0011739646967023898
2007-04-02,0.0025970187069803696
2007-04-03,0.009280123547787067
2007-04-04,0.0011128344589188544
2007-04-05,0.0030499454622510136
2007-04-09,0.0005887405108881971
2007-04-10,0.0026166231716520105
2007-04-11,-0.006572815332887005
2007-04-12,0.006206259078304521
2007-04-13,0.0034880508357506557
2007-04-16,0.010654919640706195
2007-04-17,0.002145294313948609
2007-04-18,0.0006931796558566905
2007-04-19,-0.001202037351443086
2007-04-20,0.009260707267819246
2007-04-23,-0.0023040388048639615
2007-04-24,-0.00035113070840619987
2007-04-25,0.01013908309184619
2007-04-26,-0.0007823888940899915
2007-04-27,-0.0001204617701188182
2007-04-30,-0.007830958388830522
2007-05-01,0.0026511599668099795
2007-05-02,0.0064724483617035755
2007-05-03,0.0043250975988020635
2007-05-04,0.002149907813550289
2007-05-07,0.002563727899470125
2007-05-08,-0.001165964438084588
2007-05-09,0.00322341018226191
2007-05-10,-0.013956286609633772
2007-05-11,0.009641494632811831
2007-05-14,-0.0017930072716404455
2007-05-15,-0.001303928416991007
2007-05-16,0.008626489651543112
2007-05-17,-0.0009180128653889508
2007-05-18,0.006610477607007059
2007-05-21,0.0015432605483498563
2007-05-22,-0.0006425808143728506
2007-05-23,-0.001207254021992954
2007-05-24,-0.009702551436003848
2007-05-25,0.005452700147926093
2007-05-29,0.0015702004974500472
2007-05-30,0.007983611200769403
2007-05-31,0.0002548636479482447
2007-06-01,0.003737047732291554
2007-06-04,0.0018485491492770123
2007-06-05,-0.005347002949622537
2007-06-06,-0.00886377739312183
2007-06-07,-0.01756975839934627
2007-06-08,0.011370344531501653
2007-06-11,0.0009617489238360477
2007-06-12,-0.01068172179813398
2007-06-13,0.01518419290020101
2007-06-14,0.004816351844398881
2007-06-15,0.006526720815249076
2007-06-18,-0.001213378476231597
2007-06-19,0.0017308383135756777
2007-06-20,-0.013601095390232798
2007-06-21,0.006180428862272436
2007-06-22,-0.012895893416722037
2007-06-25,-0.00320785858800976
2007-06-26,-0.003238212239774496
2007-06-27,0.009009371085612283
2007-06-28,-0.00041823227159865084
2007-06-29,-0.0015673668900386684
2007-07-02,0.010696112016496562
2007-07-03,0.003580289977162421
2007-07-05,0.00034757061257684185
2007-07-06,0.0033040513963549234
2007-07-09,0.0009213036773736416
2007-07-10,-0.014185462023044049
2007-07-11,0.005721399623870971
2007-07-12,0.019055018567778914
2007-07-13,0.0031013762357046115
2007-07-16,-0.0019194847020933548
2007-07-17,-9.680417161450627e-05
2007-07-18,-0.0020653555961454018
2007-07-19,0.004469107536687389
2007-07-20,-0.012220877224611737
2007-07-23,0.0048693044781957795
2007-07-24,-0.019804485037980712
2007-07-25,0.004665660736975719
2007-07-26,-0.02333853724087498
2007-07-27,-0.015991528738888205
2007-07-30,0.010253949758388003
2007-07-31,-0.01264663378360964
2007-08-01,0.007242642258824761
2007-08-02,0.004359364446961056
2007-08-03,-0.02658606167640276
2007-08-06,0.024151117189789684
2007-08-07,0.006159422758521993
2007-08-08,0.014071821820127228
2007-08-09,-0.029649613686902776
2007-08-10,0.00037850374030523604
2007-08-13,-0.0004953083294351179
2007-08-14,-0.018156539933375626
2007-08-15,-0.013907776858693044
2007-08-16,0.003248738181559574
2007-08-17,0.024566525186534127
2007-08-20,-0.00026972073530029395
2007-08-21,0.0010860917989692354
2007-08-22,0.011712919453811699
2007-08-23,-0.001072353097871015
2007-08-24,0.011535042735042689
2007-08-27,-0.008503619784097194
2007-08-28,-0.023473026131893504
2007-08-29,0.021921863218743898
2007-08-30,-0.00418101328086562
2007-08-31,0.011216761340248516
2007-09-04,0.010468184994470775
2007-09-05,-0.011501121241825785
2007-09-06,0.004251879724782581
2007-09-07,-0.016908457610496752
2007-09-10,-0.0012727460355680398
2007-09-11,0.01363229317352066
2007-09-12,4.757082956730052e-05
2007-09-13,0.00841963630433007
2007-09-14,0.00020216314565857374
2007-09-17,-0.005120431194205799
2007-09-18,0.029208004605018045
2007-09-19,0.00608640724315368
2007-09-20,-0.00672321667985587
2007-09-21,0.004609053497942384
2007-09-24,-0.005256431263313099
2007-09-25,-0.0003426169345008834
2007-09-26,0.0054112482780894755
2007-09-27,0.003907120661850616
2007-09-28,-0.0030234167874727547
2007-10-01,0.013289667594563515
2007-10-02,-0.00026502223601188035
2007-10-03,-0.004551832047742677
2007-10-04,0.002110951616989043
2007-10-05,0.009560291410645405
2007-10-08,-0.003216507553335579
2007-10-09,0.008096201161936989
2007-10-10,-0.0017122959460754705
2007-10-11,-0.0051584990431815525
2007-10-12,0.004754215425788466
2007-10-15,-0.008381354846971445
2007-10-16,-0.006573212544633944
2007-10-17,0.0017614216167380903
2007-10-18,-0.0007526407308401373
2007-10-19,-0.025615552438834177
2007-10-22,0.0037984046700385576
2007-10-23,0.00880285196470898
2007-10-24,-0.002441448022163728
2007-10-25,-0.0009763305802570343
2007-10-26,0.013787638668779634
2007-10-29,0.003712677817726995
2007-10-30,-0.00646341938247097
2007-10-31,0.011992005329780175
2007-11-01,-0.02642347261485245
2007-11-02,0.0008021532178938973
2007-11-05,-0.004954790845560275
2007-11-06,0.01204923543939751
2007-11-07,-0.029369782999072558
2007-11-08,-0.0005760290589718053
2007-11-09,-0.014286973561979166
2007-11-12,-0.009988305702689715
2007-11-13,0.029092955710890767
2007-11-14,-0.007069308936227703
2007-11-15,-0.013212473989854256
2007-11-16,0.005230334562243755
2007-11-19,-0.017460273935039794
2007-11-20,0.004486244741046752
2007-11-21,-0.015926929221365627
2007-11-23,0.016890532690556626
2007-11-26,-0.023238703408065553
2007-11-27,0.014930145961541186
2007-11-28,0.02855982579836569
2007-11-29,0.0004765081482893674
2007-11-30,0.007770187518711058
2007-12-03,-0.005887357035796792
2007-12-04,-0.006540253460289969
2007-12-05,0.015190150329165597
2007-12-06,0.015036935778210303
2007-12-07,-0.001777966484004856
2007-12-10,0.007510002259646598
2007-12-11,-0.025271115332858307
2007-12-12,0.006050147193178201
2007-12-13,0.0012242783820690661
2007-12-14,-0.013746212401152924
2007-12-17,-0.015020947579958421
2007-12-18,0.006279825714088139
2007-12-19,-0.0013608434480198994
2007-12-20,0.004900206469373725
2007-12-21,0.016669862751006903
2007-12-24,0.00807701116904469
2007-12-26,0.0008085803067259256
2007-12-27,-0.014282280357357569
2007-12-28,0.0015037899571217483
2007-12-31,-0.006851585063138765
2008-01-02,-0.014437876270124383
2008-01-03,0.0
2008-01-04,-0.024551535421100668
2008-01-07,0.003223224215977316
2008-01-08,-0.018352186868900833
2008-01-09,0.013624037002136546
2008-01-10,0.007948166599249129
2008-01-11,-0.013595432047481926
2008-01-14,0.010870651382564045
2008-01-15,-0.02492497793468662
2008-01-16,-0.005612078641514917
2008-01-17,-0.029092630352461457
2008-01-18,-0.006045377836114696
2008-01-22,-0.011085202876568667
2008-01-23,0.021442197634490512
2008-01-24,0.010062752129090136
2008-01-25,-0.015871959292048543
2008-01-28,0.017548342489535074
2008-01-29,0.0061597092971725775
2008-01-30,-0.004764002055347549
2008-01-31,0.01677226160007672
2008-02-01,0.012237495919625863
2008-02-04,-0.010462799730547201
2008-02-05,-0.03199548094610438
2008-02-06,-0.007623593488149449
2008-02-07,0.00788570997776028
2008-02-08,-0.004203723511679969
2008-02-11,0.005889024930706421
2008-02-12,0.00726591144997113
2008-02-13,0.01360408048277817
2008-02-14,-0.013421493406280072
2008-02-15,0.0008377444656970656
2008-02-19,-0.0008963029355772978
2008-02-20,0.008340871009356654
2008-02-21,-0.012867363219928984
2008-02-22,0.00788064326309268
2008-02-25,0.013812624250800098
2008-02-26,0.006917918063857664
2008-02-27,-0.0009194303875362797
2008-02-28,-0.008941899392762354
2008-02-29,-0.02708967009826857
2008-03-03,0.0005335818371747791
2008-03-04,-0.0034476542430933454
2008-03-05,0.005238364424345221
2008-03-06,-0.022013946164804787
2008-03-07,-0.008410383795636078
2008-03-10,-0.015463479128169033
2008-03-11,0.037129820869032715
2008-03-12,-0.008995570363078853
2008-03-13,0.005126951259579737
2008-03-14,-0.02078328822939146
2008-03-17,-0.00895865356250114
2008-03-18,0.042409525301582374
2008-03-19,-0.024287238679231105
2008-03-20,0.023944486375748975
2008-03-24,0.015321434212604679
2008-03-25,0.0023039084955698286
2008-03-26,-0.00876577062653816
2008-03-27,-0.011460484815044136
2008-03-28,-0.007950156891141646
2008-03-31,0.005687261446754244
2008-04-01,0.035896272775383764
2008-04-02,-0.0019340524602607934
2008-04-03,0.0013016167835440129
2008-04-04,0.0007960213538207306
2008-04-07,0.0015615878575596653
2008-04-08,-0.005100033514505942
2008-04-09,-0.008092036849890905
2008-04-10,0.004474008667468832
2008-04-11,-0.020374113410018047
2008-04-14,-0.003383777375959407
2008-04-15,0.004599795230065151
2008-04-16,0.022691336375830762
2008-04-17,0.0006228429483186027
2008-04-18,0.018139078473300208
2008-04-21,-0.0015535879970941524
2008-04-22,-0.008810160138887912
2008-04-23,0.0028998357486518245
2008-04-24,0.006442355771669517
2008-04-25,0.006494722138218112
2008-04-28,-0.0010516225032908277
2008-04-29,-0.003888654153268667
2008-04-30,-0.0038463197549859496
2008-05-01,0.01714071262061645
2008-05-02,0.0032355570692665925
2008-05-05,-0.004533559657684427
2008-05-06,0.007651919374205063
2008-05-07,-0.018113745011492988
2008-05-08,0.0036694744249841094
2008-05-09,-0.00672543071375431
2008-05-12,0.01102083153254374
2008-05-13,-0.0003847304749283742
2008-05-14,0.004005587866347415
2008-05-15,0.010584527139267053
2008-05-16,0.0012503775718790688
2008-05-19,0.0008980250464798445
2008-05-20,-0.009273602826240901
2008-05-21,-0.016053488043016872
2008-05-22,0.002617368106938134
2008-05-23,-0.013210456485100441
2008-05-27,0.0068462785170755325
2008-05-28,0.003962897462735038
2008-05-29,0.005334905524718936
2008-05-30,0.0015161700971206837
2008-06-02,-0.010504291692254974
2008-06-03,-0.005787813837349387
2008-06-04,-0.00032664319674813314
2008-06-05,0.019496079000871358
2008-06-06,-0.03088921334710293
2008-06-09,0.0007937207866655083
2008-06-10,-0.0024380213840911047
2008-06-11,-0.01689437884632372
2008-06-12,0.0032796950931865965
2008-06-13,0.01504623582884923
2008-06-16,8.08805688110592e-05
2008-06-17,-0.006771361771582329
2008-06-18,-0.009711828148016632
2008-06-19,0.0037524013125929123
2008-06-20,-0.018542927995352954
2008-06-23,5.311359480386635e-05
2008-06-24,-0.0028148710166919777
2008-06-25,0.005843459206111401
2008-06-26,-0.029365265475010727
2008-06-27,-0.0037174141760510926
2008-06-30,0.0012672288364961037
2008-07-01,0.0038359375000001084
2008-07-02,-0.01820360959133327
2008-07-03,0.0010939184475871055
2008-07-07,-0.008385462031831659
2008-07-08,0.01708043535546322
2008-07-09,-0.02277616393185211
2008-07-10,0.006989692212518772
2008-07-11,-0.011089924125771033
2008-07-14,-0.009027906639020977
2008-07-15,-0.010901245624033162
2008-07-16,0.0250635849569103
2008-07-17,0.012012590736815154
2008-07-18,0.00028564174178002943
2008-07-21,-0.0005393914395406263
2008-07-22,0.013492063492063444
2008-07-23,0.004064212999216998
2008-07-24,-0.02312449792932414
2008-07-25,0.004167531575837824
2008-07-28,-0.018596552601450322
2008-07-29,0.02335604397384916
2008-07-30,0.016671944268524364
2008-07-31,-0.013143755937271129
2008-08-01,-0.005578437406302927
2008-08-04,-0.0089660480358007
2008-08-05,0.02871874524623519
2008-08-06,0.003354398854367613
2008-08-07,-0.017933741341462528
2008-08-08,0.023892833729572516
2008-08-11,0.006942730190076629
2008-08-12,-0.012050684889528984
2008-08-13,-0.002915655363332492
2008-08-14,0.005521725266948385
2008-08-15,0.0040760133959301115
2008-08-18,-0.015097827761516025
2008-08-19,-0.00931487564523692
2008-08-20,0.0061972542611057335
2008-08-21,0.002495017810347333
2008-08-22,0.011332686347556686
2008-08-25,-0.019625444977557804
2008-08-26,0.003686337659057237
2008-08-27,0.007982634820017154
2008-08-28,0.01484012920743405
2008-08-29,-0.013723590737153013
2008-09-02,-0.004092514206870734
2008-09-03,-0.002035097606412073
2008-09-04,-0.029922037992752948
2008-09-05,0.004430681661990787
2008-09-08,0.020510178618863284
2008-09-09,-0.03413814590744524
2008-09-10,0.006149398534924133
2008-09-11,0.013806369923054396
2008-09-12,0.0021216124254435087
2008-09-15,-0.04713589518255168
2008-09-16,0.017523266538106652
2008-09-17,-0.047140738299274676
2008-09-18,0.04334177915755055
2008-09-19,0.040256607902130925
2008-09-22,-0.03823660643146254
2008-09-23,-0.01563263716872798
2008-09-24,-0.001977748228442655
2008-09-25,0.019656454754737096
2008-09-26,0.0033824575332042084
2008-09-29,-0.08806778375794333
2008-09-30,0.054174725691870984
2008-10-01,-0.004544051579272179
2008-10-02,-0.040290768780252506
2008-10-03,-0.013506479520407733
2008-10-06,-0.03851787160102971
2008-10-07,-0.057394809298981
2008-10-08,-0.011332724370878178
2008-10-09,-0.0761670761670763
2008-10-10,-0.01175927554070677
2008-10-13,0.11580036031227059
2008-10-14,-0.005322170728061071
2008-10-15,-0.09034979609422744
2008-10-16,0.04250749030666179
2008-10-17,-0.006212820810836517
2008-10-20,0.0476848652384243
2008-10-21,-0.030799675258778136
2008-10-22,-0.06101251243390393
2008-10-23,0.012634090858404612
2008-10-24,-0.03451123762539787
2008-10-27,-0.031764316753538635
2008-10-28,0.1078900249729069
2008-10-29,-0.011079095384419091
2008-10-30,0.02580395445602046
2008-10-31,0.01536542674171204
2008-11-03,-0.0025290322580645563
2008-11-04,0.04082583048742627
2008-11-05,-0.05267710663683822
2008-11-06,-0.05026396716941128
2008-11-07,0.02885465476085236
2008-11-10,-0.012653197134233407
2008-11-11,-0.02204066535394522
2008-11-12,-0.05189387618888708
2008-11-13,0.06921271852634048
2008-11-14,-0.04169912980500168
2008-11-17,-0.025810440976078874
2008-11-18,0.00983837790185138
2008-11-19,-0.06115560108017504
2008-11-20,-0.06712291403208603
2008-11-21,0.06324756791239161
2008-11-24,0.06472257290351613
2008-11-25,0.00655075662412985
2008-11-26,0.03532814705093368
2008-11-28,0.009643114635904837
2008-12-01,-0.08929527805052218
2008-12-02,0.03994070153514406
2008-12-03,0.02583617063889454
2008-12-04,-0.0293084043457289
2008-12-05,0.03649937294432215
2008-12-08,0.03838734347711936
2008-12-09,-0.023117511267450874
2008-12-10,0.011894178941564526
2008-12-11,-0.028524087006805754
2008-12-12,0.00702846873247176
2008-12-15,-0.012685710388414595
2008-12-16,0.05136028184256869
2008-12-17,-0.009592851354606968
2008-12-18,-0.021162734127949445
2008-12-19,0.0029369239110790257
2008-12-22,-0.01830202279587334
2008-12-23,-0.009717425972029403
2008-12-24,0.005781083460772107
2008-12-26,0.005356217243563943
2008-12-29,-0.0038725939505040996
2008-12-30,0.024407075981689008
2008-12-31,0.014158358034671803
2009-01-02,0.031608081926376874
2009-01-05,-0.004668383773341778
2009-01-06,0.007817132999083487
2009-01-07,-0.03000962875789026
2009-01-08,0.003397121270611647
2009-01-09,-0.021303023974146185
2009-01-12,-0.022564160161734237
2009-01-13,0.0017580952818696538
2009-01-14,-0.03345989286410711
2009-01-15,0.0013291875341197024
2009-01-16,0.007561571100102027
2009-01-20,-0.0528160730249847
2009-01-21,0.043491219790864566
2009-01-22,-0.015162334571074965
2009-01-23,0.005377643504531848
2009-01-26,0.005553218342448485
2009-01-27,0.010925565105131652
2009-01-28,0.033557602487850335
2009-01-29,-0.03312015925133571
2009-01-30,-0.02278912369548236
2009-02-02,-0.0005327650506126158
2009-02-03,0.015833979453382385
2009-02-04,-0.007489475378945953
2009-02-05,0.01636566814462359
2009-02-06,0.026896021753265886
2009-02-09,0.0014851485148514865
2009-02-10,-0.04912115324926147
2009-02-11,0.007954930122346493
2009-02-12,0.0017391512941684617
2009-02-13,-0.009997725068547347
2009-02-17,-0.04555899569445121
2009-02-18,-0.0009503655739574457
2009-02-19,-0.012024048096192286
2009-02-20,-0.01141294579813601
2009-02-23,-0.03469904551652481
2009-02-24,0.040103318848963454
2009-02-25,-0.010657836873011362
2009-02-26,-0.0157798405020263
2009-02-27,-0.023564416933437804
2009-03-02,-0.0466201417513501
2009-03-03,-0.006406780628406716
2009-03-04,0.023753105567762445
2009-03-05,-0.04253229901665112
2009-03-06,0.0012160281298074782
2009-03-09,-0.010023705698147478
2009-03-10,0.06366310437083356
2009-03-11,0.002445803224013332
2009-03-12,0.04072862371076846
2009-03-13,0.007739030822921267
2009-03-16,-0.003515960610666835
2009-03-17,0.03213996736924485
2009-03-18,0.02085796535238793
2009-03-19,-0.012979165355322064
2009-03-20,-0.019769399520432662
2009-03-23,0.07075754027116354
2009-03-24,-0.020415107179312608
2009-03-25,0.009626358358556963
2009-03-26,0.023320391212463765
2009-03-27,-0.020315539226280488
2009-03-30,-0.03481873667181423
2009-03-31,0.013129658552690104
2009-04-01,0.016556581899306977
2009-04-02,0.028727129259752404
2009-04-03,0.00973177688822835
2009-04-06,-0.008332344213649812
2009-04-07,-0.0238545506774549
2009-04-08,0.011783459015388464
2009-04-09,0.038053226041010246
2009-04-13,0.0025333893714394318
2009-04-14,-0.020064513875141188
2009-04-15,0.012549019607843048
2009-04-16,0.015538811820763776
2009-04-17,0.004969374783312164
2009-04-20,-0.0427897884084637
2009-04-21,0.021252057328896345
2009-04-22,-0.007681629964238712
2009-04-23,0.009922351964910314
2009-04-24,0.016797351864024757
2009-04-27,-0.010066610484513405
2009-04-28,-0.002740492822241203
2009-04-29,0.021609991112774285
2009-04-30,-0.0009500480747218765
2009-05-01,0.005396363469712728
2009-05-04,0.0338681739447535
2009-05-05,-0.003791719941801608
2009-05-06,0.017404292985173653
2009-05-07,-0.013202396876665246
2009-05-08,0.02406903316104425
2009-05-11,-0.021512435026850185
2009-05-12,-0.0009788394703268422
2009-05-13,-0.026894919359277902
2009-05-14,0.010351615530817426
2009-05-15,-0.011410079836966958
2009-05-18,0.030389180862631537
2009-05-19,-0.0017368172274681015
2009-05-20,-0.005131423915078148
2009-05-21,-0.016757612316955717
2009-05-22,-0.0014971913590670072
2009-05-26,0.026302142051860322
2009-05-27,-0.018971142333000235
2009-05-28,0.015418896826641104
2009-05-29,0.013574760429187371
2009-06-01,0.02581761211567346
2009-06-02,0.0019833062882474994
2009-06-03,-0.0137392298410145
2009-06-04,0.011483643856787129
2009-06-05,-0.002514695583897497
2009-06-08,-0.001010541543894794
2009-06-09,0.003503205059948389
2009-06-10,-0.003480364589412477
2009-06-11,0.006111909705584839
2009-06-12,0.0013969880091864173
2009-06-15,-0.02376850804789632
2009-06-16,-0.01272030485428488
2009-06-17,-0.0013816243955393492
2009-06-18,0.008411019973427303
2009-06-19,0.0031142132256063437
2009-06-22,-0.030600392952899957
2009-06-23,0.0023067275821913036
2009-06-24,0.006524410680371018
2009-06-25,0.021444269318711573
2009-06-26,-0.0014778432182209755
2009-06-29,0.009065186636195488
2009-06-30,-0.008530785242065075
2009-07-01,0.004361919679763293
2009-07-02,-0.029144509546966013
2009-07-06,0.00256576158497146
2009-07-07,-0.01968354993768917
2009-07-08,-0.0016685016401257746
2009-07-09,0.0035472281595343436
2009-07-10,-0.004021842570353873
2009-07-13,0.024933741312433755
2009-07-14,0.00531602019865729
2009-07-15,0.029629956725249373
2009-07-16,0.008641763520178536
2009-07-17,-0.0003826774666751964
2009-07-20,0.011431548948297454
2009-07-21,0.0036272644118049424
2009-07-22,-0.0005342663789310587
2009-07-23,0.023289695724632242
2009-07-24,0.003042128875641481
2009-07-27,0.002981843432796172
2009-07-28,-0.0026064468834632315
2009-07-29,-0.004562993813927885
2009-07-30,0.01189560580423521
2009-07-31,0.0007398023815556876
2009-08-03,0.015342082877627838
2009-08-04,0.0030120782342439867
2009-08-05,-0.0029135385074329223
2009-08-06,-0.005624700813786521
2009-08-07,0.013439242588358047
2009-08-10,-0.003344944976644726
2009-08-11,-0.012660113196306222
2009-08-12,0.011525116910544586
2009-08-13,0.006880027042881043
2009-08-14,-0.008531395337355474
2009-08-17,-0.024260773436644123
2009-08-18,0.010145652373612979
2009-08-19,0.00686087281619141
2009-08-20,0.010948758605463293
2009-08-21,0.01862275033006755
2009-08-24,-0.0005457398185416684
2009-08-25,0.0023694140819252585
2009-08-26,0.0001167315175096828
2009-08-27,0.002781776446329376
2009-08-28,-0.0019883993869910244
2009-08-31,-0.008076351160914763
2009-09-01,-0.02212380709764661
2009-09-02,-0.0032964610636847524
2009-09-03,0.008534807740638417
2009-09-04,0.013117499302260693
2009-09-08,0.00884494293585214
2009-09-09,0.0077824047435608446
2009-09-10,0.010422210824777345
2009-09-11,-0.001350393625376034
2009-09-14,0.006339129017099321
2009-09-15,0.00313530409590812
2009-09-16,0.015323522985284388
2009-09-17,-0.003059620494778925
2009-09-18,0.002637284254192851
2009-09-21,-0.0034072825985208555
2009-09-22,0.006574868972254011
2009-09-23,-0.010068491872422425
2009-09-24,-0.009511061675794297
2009-09-25,-0.006090713565160999
2009-09-28,0.01780960952909849
2009-09-29,-0.0022295809892943774
2009-09-30,-0.0033282733521274865
2009-10-01,-0.025759639762364284
2009-10-02,-0.0045055105112393745
2009-10-05,0.01487500121926244
2009-10-06,0.013705476423889529
2009-10-07,0.0027116201456309774
2009-10-08,0.007469884074963629
2009-10-09,0.005640650223373456
2009-10-12,0.004386415178863068
2009-10-13,-0.002787611852925642
2009-10-14,0.01754582133638949
2009-10-15,0.0041574330140472515
2009-10-16,-0.00809805209017278
2009-10-19,0.009405339805825363
2009-10-20,-0.006239127068703332
2009-10-21,-0.008853775227759986
2009-10-22,0.01064361013501025
2009-10-23,-0.012178495942026468
2009-10-26,-0.011717302704705279
2009-10-27,-0.0033178686911289335
2009-10-28,-0.0195409108434188
2009-10-29,0.022519973528480675
2009-10-30,-0.02806464623725491
2009-11-02,0.006456344878835063
2009-11-03,0.0024259742252223937
2009-11-04,0.0010426531217415658
2009-11-05,0.019235547061634106
2009-11-06,0.002503211047879539
2009-11-09,0.022238847844384235
2009-11-10,-6.403922860165334e-05
2009-11-11,0.005031975919707943
2009-11-12,-0.010259351303128716
2009-11-13,0.005739303189728151
2009-11-16,0.014467571423345538
2009-11-17,0.000919498783016337
2009-11-18,-0.00046833345341878996
2009-11-19,-0.013425842494142914
2009-11-20,-0.0032149054708192626
2009-11-23,0.01361578918433537
2009-11-24,-0.0005333381544690985
2009-11-25,0.004504137837471278
2009-11-27,-0.017233462089084717
2009-11-30,0.0037929802380234356
2009-12-01,0.012075244379945671
2009-12-02,0.0003426942986490822
2009-12-03,-0.008402149219285171
2009-12-04,0.00550949159938896
2009-12-07,-0.0024683990668908917
2009-12-08,-0.01025152957171982
2009-12-09,0.0036723629503452315
2009-12-10,0.005839682467265739
2009-12-11,0.00368304077652315
2009-12-14,0.0069594454135446515
2009-12-15,-0.005547028569889756
2009-12-16,0.0011282301228416891
2009-12-17,-0.011810526695396728
2009-12-18,0.005829866433107123
2009-12-21,0.010503687175161147
2009-12-22,0.0035635743458553026
2009-12-23,0.002298706642099413
2009-12-24,0.005256159701585883
2009-12-28,0.001154037355301396
2009-12-29,-0.0014009824611181942
2009-12-30,0.00019534718522473682
2009-12-31,-0.01004953747270132
2010-01-04,0.01604340417899741
2010-01-05,0.003115649740951021
2010-01-06,0.0005455249357688707
2010-01-07,0.004001266334840103
2010-01-08,0.002881692928903501
2010-01-11,0.0017467554018411047
2010-01-12,-0.00938115747441104
2010-01-13,0.008325852387741861
2010-01-14,0.002426506528873551
2010-01-15,-0.010823189314386306
2010-01-19,0.012499669903083488
2010-01-20,-0.010597880423915296
2010-01-21,-0.01894485255351297
2010-01-22,-0.022141014617368948
2010-01-25,0.0045980801641385405
2010-01-26,-0.0042032130418132585
2010-01-27,0.004880192644002301
2010-01-28,-0.011817767653758526
2010-01-29,-0.009829142577890915
2010-02-01,0.014266158846042876
2010-02-02,0.012972943196320141
2010-02-03,-0.005474386397418707
2010-02-04,-0.031140638670166254
2010-02-05,0.002897160218604089
2010-02-08,-0.0088633358031871
2010-02-09,0.013040104472244796
2010-02-10,-0.0022325598774426414
2010-02-11,0.009680469605759523
2010-02-12,-0.0027446289651079647
2010-02-16,0.01800076242898707
2010-02-17,0.004237946057522812
2010-02-18,0.0065847513892551834
2010-02-19,0.0021865823356674863
2010-02-22,-0.0010458270598736608
2010-02-23,-0.012102778855786589
2010-02-24,0.009720445824958901
2010-02-25,-0.002080995982772893
2010-02-26,0.0014053348323570525
2010-03-01,0.010158534708326838
2010-03-02,0.0023303546620536686
2010-03-03,0.000429219089518984
2010-03-04,0.003736179265098949
2010-03-05,0.014007497974122263
2010-03-08,-0.00017563888644944736
2010-03-09,0.001712779973649603
2010-03-10,0.004524529790871812
2010-03-11,0.004041515000742013
2010-03-12,-0.00021734594519406958
2010-03-15,0.00045217784502482594
2010-03-16,0.0077791588078330864
2010-03-17,0.005821675607610377
2010-03-18,-0.00032584182951622687
2010-03-19,-0.005086504893509258
2010-03-22,0.005095266833347489
2010-03-23,0.007170979833763802
2010-03-24,-0.005493242034799062
2010-03-25,-0.0017041756585483014
2010-03-26,0.0007377351530799547
2010-03-29,0.005683230612297363
2010-03-30,4.261775285119285e-05
2010-03-31,-0.0032729039351555578
2010-04-01,0.007413868294810166
2010-04-05,0.007928019692725607
2010-04-06,0.001684295627568444
2010-04-07,-0.005876715092816842
2010-04-08,0.0033743498668019622
2010-04-09,0.0066838609622061895
2010-04-12,0.0017666217336338441
2010-04-13,0.0006853436747793484
2010-04-14,0.011150087697319178
2010-04-15,0.0008425226118200513
2010-04-16,-0.016126503090775457
2010-04-19,0.004521318983667699
2010-04-20,0.00805832052909361
2010-04-21,-0.0010189120007952912
2010-04-22,0.002263794218617887
2010-04-23,0.007123532477847361
2010-04-26,-0.004296464248159881
2010-04-27,-0.023381873685078935
2010-04-28,0.006462731581214909
2010-04-29,0.012943190975020169
2010-04-30,-0.016647607683256238
2010-05-03,0.013120528528933306
2010-05-04,-0.023838437609169483
2010-05-05,-0.0065865712338105675
2010-05-06,-0.032353521404616115
2010-05-07,-0.015308248016664416
2010-05-10,0.043974146622497434
2010-05-11,-0.0033973424848887657
2010-05-12,0.013739520155045648
2010-05-13,-0.01214505790879683
2010-05-14,-0.018800110588885754
2010-05-17,0.001109467455621349
2010-05-18,-0.014195999788907177
2010-05-19,-0.005130264097073511
2010-05-20,-0.03897583068023858
2010-05-21,0.015024402989949559
2010-05-24,-0.012908089621123664
2010-05-25,0.00035393284589946283
2010-05-26,-0.005660921948176467
2010-05-27,0.032876070977105654
2010-05-28,-0.012374666835892723
2010-06-01,-0.017165254587345524
2010-06-02,0.025842665147425503
2010-06-03,0.004051421183925319
2010-06-04,-0.03441146867604239
2010-06-07,-0.01353204116895812
2010-06-08,0.010976039296695772
2010-06-09,-0.0059416195856872855
2010-06-10,0.02950676808532804
2010-06-11,0.004379669500570449
2010-06-14,-0.0018046903627700894
2010-06-15,0.023494213632150318
2010-06-16,-0.0005559391336317221
2010-06-17,0.0012829599590888918
2010-06-18,0.0013171570911436614
2010-06-21,-0.0038567887535680967
2010-06-22,-0.016070786920589386
2010-06-23,-0.0029854561722252315
2010-06-24,-0.01680341379436645
2010-06-25,0.0028592983077051493
2010-06-28,-0.002033879416025952
2010-06-29,-0.031017057985984975
2010-06-30,-0.010112942261150115
2010-07-01,-0.0032404847144202886
2010-07-02,-0.0046623903754244855
2010-07-06,0.005358993917346178
2010-07-07,0.03133085617570952
2010-07-08,0.00941269676591805
2010-07-09,0.0072039243167485445
2010-07-12,0.000732865783517056
2010-07-13,0.015378910776361554
2010-07-14,-0.00015520295068183199
2010-07-15,0.001196161326552092
2010-07-16,-0.028819495111629845
2010-07-19,0.005981894673578125
2010-07-20,0.011416569428237988
2010-07-21,-0.012819802857459428
2010-07-22,0.022513299488589267
2010-07-23,0.008220029807894491
2010-07-26,0.011200188634755914
2010-07-27,-0.0010493179433368471
2010-07-28,-0.006921999569058257
2010-07-29,-0.0041586431974542926
2010-07-30,6.354797418128832e-05
2010-08-02,0.02202251270878719
2010-08-03,-0.004796333469525349
2010-08-04,0.006051086161040997
2010-08-05,-0.0012685852169902478
2010-08-06,-0.0037039997868200114
2010-08-09,0.0054830426874932225
2010-08-10,-0.005967423013149675
2010-08-11,-0.028178688027402532
2010-08-12,-0.00537876215040356
2010-08-13,-0.004023587822186814
2010-08-16,0.00012045401899474228
2010-08-17,0.012192184402156636
2010-08-18,0.0014827832390578166
2010-08-19,-0.016935365942823744
2010-08-20,-0.0036629696085085373
2010-08-23,-0.004040347488546314
2010-08-24,-0.01451244191275669
2010-08-25,0.003289379866333375
2010-08-26,-0.007684800015161031
2010-08-27,0.016586772597925847
2010-08-30,-0.014719281601367484
2010-08-31,0.0003908782366623953
2010-09-01,0.02950454099282407
2010-09-02,0.009080894944875961
2010-09-03,0.013218970736629698
2010-09-07,-0.011471150102760563
2010-09-08,0.0064386723329425966
2010-09-09,0.004832236752300156
2010-09-10,0.0048633374993207745
2010-09-13,0.011130638547158789
2010-09-14,-0.0007130760317320961
2010-09-15,0.0035411649273036083
2010-09-16,-0.00036442176931195114
2010-09-17,0.0008269165792327282
2010-09-20,0.01520980108209935
2010-09-21,-0.0025640801253161705
2010-09-22,-0.004825492638930284
2010-09-23,-0.008331276228091822
2010-09-24,0.021194313807419984
2010-09-27,-0.005667424064352722
2010-09-28,0.004850458779855682
2010-09-29,-0.0025877842641806037
2010-09-30,-0.0030836965922095283
2010-10-01,0.00441640378548902
2010-10-04,-0.008034966499162466
2010-10-05,0.02086136689445306
2010-10-06,-0.0006719793237131011
2010-10-07,-0.0016465943084735812
2010-10-08,0.0061223079978585115
2010-10-11,0.00014590396086333612
2010-10-12,0.0038186935777297926
2010-10-13,0.007121057985757906
2010-10-14,-0.0036414565826330403
2010-10-15,0.002027585384346775
2010-10-18,0.007243727629039576
2010-10-19,-0.015877303306294333
2010-10-20,0.010524058667124025
2010-10-21,0.0017739375472130003
2010-10-22,0.00238930405164961
2010-10-25,0.002146938499509643
2010-10-26,1.6868811254955318e-05
2010-10-27,-0.0026905300091090156
2010-10-28,0.0011247832889338394
2010-10-29,-0.00043927081045458394
2010-11-01,0.0009465375319035463
2010-11-02,0.007759333997534368
2010-11-03,0.003678041505734919
2010-11-04,0.019282780727236215
2010-11-05,0.003922821155389444
2010-11-08,-0.002120977281070191
2010-11-09,-0.008052319640302397
2010-11-10,0.004376133179495589
2010-11-11,-0.004242190512919408
2010-11-12,-0.011808428234751145
2010-11-15,-0.001217468166543001
2010-11-16,-0.016205385097057046
2010-11-17,0.00021216287319458793
2010-11-18,0.015357333763225567
2010-11-19,0.002540340439044275
2010-11-22,-0.0015753544547524312
2010-11-23,-0.014284044613637747
2010-11-24,0.014922971382111072
2010-11-26,-0.007468602661993451
2010-11-29,-0.001378846477215534
2010-11-30,-0.006070249882131118
2010-12-01,0.02161704290373123
2010-12-02,0.012818493122289887
2010-12-03,0.0026032925920771444
2010-12-06,-0.0012982665284028139
2010-12-07,0.0005150761985741603
2010-12-08,0.0037017364657814245
2010-12-09,0.003842772006382944
2010-12-10,0.0060016220600163095
2010-12-13,4.837149306680111e-05
2010-12-14,0.0009109523886299264
2010-12-15,-0.005122463937370592
2010-12-16,0.006185082940019182
2010-12-17,0.0008367729529237256
2010-12-20,0.0025484158821778014
2010-12-21,0.006030086281553659
2010-12-22,0.0033795632073967408
2010-12-23,-0.0016443710082297835
2010-12-27,0.0006126817158269571
2010-12-28,0.0007713472334875959
2010-12-29,0.0010091298440217944
2010-12-30,-0.0015081998444171907
2010-12-31,-0.00019079721436066066
2011-01-03,0.011314843675455544
2011-01-04,-0.0013130272747999827
2011-01-05,0.005007085498346608
2011-01-06,-0.0021228927743310866
2011-01-07,-0.0018448011932330477
2011-01-10,-0.001376327172630698
2011-01-11,0.0037251427446347574
2011-01-12,0.009007595254535206
2011-01-13,-0.001710784161249257
2011-01-14,0.007384557861282559
2011-01-18,0.0013763879867618733
2011-01-19,-0.010115673889206311
2011-01-20,-0.0012949326010983642
2011-01-21,0.0024135722431379847
2011-01-24,0.0058362878404176755
2011-01-25,0.00026339437885414263
2011-01-26,0.004220945181926616
2011-01-27,0.0022442794012169642
2011-01-28,-0.017852470874309412
2011-01-31,0.007662535061190523
2011-02-01,0.016693621124000968
2011-02-02,-0.0027225659419236603
2011-02-03,0.0023542403165570658
2011-02-04,0.002884247570958509
2011-02-07,0.006240130600288385
2011-02-08,0.004184829991281669
2011-02-09,-0.0027858097344797272
2011-02-10,0.0007495003331110528
2011-02-11,0.005507349436782993
2011-02-14,0.002384982883797848
2011-02-15,-0.0032349585685120807
2011-02-16,0.006257483000881026
2011-02-17,0.0030756106321840893
2011-02-18,0.0019247554889101348
2011-02-22,-0.02052851430741387
2011-02-23,-0.0061120233534026625
2011-02-24,-0.0009943399112744
2011-02-25,0.010550493836612995
2011-02-28,0.005561111616207537
2011-03-01,-0.015739666370307992
2011-03-02,0.0016152120827050975
2011-03-03,0.017218978325334033
2011-03-04,-0.00737807764262155
2011-03-07,-0.008341217878363505
2011-03-08,0.008922778655553243
2011-03-09,-0.0013617587871268544
2011-03-10,-0.018870926198087945
2011-03-11,0.007080479650377169
2011-03-14,-0.0060493145643572
2011-03-15,-0.011200333233055026
2011-03-16,-0.01949495658686118
2011-03-17,0.01339825599898159
2011-03-18,0.004310209465188564
2011-03-21,0.01498581155556944
2011-03-22,-0.00355057841309947
2011-03-23,0.002913964615039788
2011-03-24,0.009340752500886396
2011-03-25,0.0031611257883723543
2011-03-28,-0.002747754604962682
2011-03-29,0.007060044726337367
2011-03-30,0.006684654095676867
2011-03-31,-0.0018294610994835647
2011-04-01,0.0049629288822852224
2011-04-04,0.00034523907806138787
2011-04-05,-0.00018006257174352225
2011-04-06,0.0021836518763647117
2011-04-07,-0.0015199844257752781
2011-04-08,-0.004004469407803413
2011-04-11,-0.00279331712054931
2011-04-12,-0.007776754299865574
2011-04-13,0.00019023558775188576
2011-04-14,8.368773822464703e-05
2011-04-15,0.00392538721358382
2011-04-18,-0.011017822502424779
2011-04-19,0.005731185926413973
2011-04-20,0.013514954823178105
2011-04-21,0.005276767190835807
2011-04-25,-0.001592666257907327
2011-04-26,0.008979591836734802
2011-04-27,0.006249814435438372
2011-04-28,0.003555463759349564
2011-04-29,0.002300658591085414
2011-05-02,-0.001752700552210551
2011-05-03,-0.0033793214910154967
2011-05-04,-0.006855272662941725
2011-05-05,-0.009069857197993025
2011-05-06,0.003819938581379745
2011-05-09,0.00454409789583643
2011-05-10,0.008074040511331315
2011-05-11,-0.01111143859235475
2011-05-12,0.004895386266094537
2011-05-13,-0.008067326585845191
2011-05-16,-0.006204355008708529
2011-05-17,-0.0003685679255642782
2011-05-18,0.008803744224894272
2011-05-19,0.0021779992242740853
2011-05-20,-0.0076883000893122055
2011-05-23,-0.011925566464407122
2011-05-24,-0.0008274061197688365
2011-05-25,0.0031832132980824657
2011-05-26,0.003953137897869663
2011-05-27,0.004080893723268586
2011-05-31,0.010592742844264258
2011-06-01,-0.022784716027356544
2011-06-02,-0.001224753718002236
2011-06-03,-0.009733879689856284
2011-06-06,-0.010760214127492063
2011-06-07,-0.0009563277016257921
2011-06-08,-0.004186965928370312
2011-06-09,0.0073775360280097235
2011-06-10,-0.013979829325058146
2011-06-13,0.0006687752757714716
2011-06-14,0.01261174842549706
2011-06-15,-0.017431883652852975
2011-06-16,0.0017543582367909316
2011-06-17,0.003045028557003393
2011-06-20,0.0053952025167125495
2011-06-21,0.013423448793767001
2011-06-22,-0.006468445103124498
2011-06-23,-0.0028279752008328884
2011-06-24,-0.011725749902609994
2011-06-27,0.00918443769955446
2011-06-28,0.012944301226466726
2011-06-29,0.008282755057184898
2011-06-30,0.010119243389602461
2011-07-01,0.014409680155076376
2011-07-05,-0.001336149947375076
2011-07-06,0.001001584596525884
2011-07-07,0.010453846268723588
2011-07-08,-0.006961174088470523
2011-07-11,-0.01809048965619875
2011-07-12,-0.0044335311370301556
2011-07-13,0.0031058737553666393
2011-07-14,-0.00671614607048554
2011-07-15,0.005554409528830462
2011-07-18,-0.008129834212165954
2011-07-19,0.01630867753401155
2011-07-20,-0.0006708222471791814
2011-07-21,0.013546129246364558
2011-07-22,0.0009078731954159647
2011-07-25,-0.005643038765222763
2011-07-26,-0.0041048877324421085
2011-07-27,-0.020308722615132724
2011-07-28,-0.0032339890718757758
2011-07-29,-0.006450521654224439
2011-08-01,-0.004132231404958664
2011-08-02,-0.025556747012292824
2011-08-03,0.0050157489733264615
2011-08-04,-0.047820429407937515
2011-08-05,-0.0005749664602896498
2011-08-08,-0.06663442778769035
2011-08-09,0.047406785414396246
2011-08-10,-0.044152388425029665
2011-08-11,0.046290017488133106
2011-08-12,0.00526163187337958
2011-08-15,0.021784681161510333
2011-08-16,-0.009738561548871316
2011-08-17,0.000947382541332864
2011-08-18,-0.04459372303981102
2011-08-19,-0.015008986104414257
2011-08-22,0.00025811504810735464
2011-08-23,0.03428484988699254
2011-08-24,0.013119972469565866
2011-08-25,-0.01556555706521734
2011-08-26,0.015121585135473126
2011-08-29,0.028280081577158445
2011-08-30,0.0023469522676187182
2011-08-31,0.004922006397783951
2011-09-01,-0.0118714568172682
2011-09-02,-0.025281878414506576
2011-09-06,-0.007436305868122717
2011-09-07,0.028646459098554677
2011-09-08,-0.010612204034639694
2011-09-09,-0.026705455771987574
2011-09-12,0.006965682749538571
2011-09-13,0.009120083973603199
2011-09-14,0.01347975478953356
2011-09-15,0.017187131944677914
2011-09-16,0.005706676811869871
2011-09-19,-0.009802550965863799
2011-09-20,-0.0016610054065725466
2011-09-21,-0.029390478250380547
2011-09-22,-0.03188316363262367
2011-09-23,0.006082014235631705
2011-09-26,0.02333623716374955
2011-09-27,0.010688335698009421
2011-09-28,-0.0206911807245318
2011-09-29,0.00811425989957093
2011-09-30,-0.024974146845915257
2011-10-03,-0.028450973113432698
2011-10-04,0.022488469201168204
2011-10-05,0.017865563414742658
2011-10-06,0.018303715811648358
2011-10-07,-0.008163300342498125
2011-10-10,0.03412493725442678
2011-10-11,0.0005439831281539576
2011-10-12,0.00979473710624501
2011-10-13,-0.002973700559121939
2011-10-14,0.017380323347124582
2011-10-17,-0.019369906416893956
2011-10-18,0.020418699931715745
2011-10-19,-0.01264913741043594
2011-10-20,0.004554170661553281
2011-10-21,0.01880877742946696
2011-10-24,0.012873006258833142
2011-10-25,-0.020044809797558627
2011-10-26,0.010536593303771324
2011-10-27,0.03429146537842187
2011-10-28,0.0003892292482425841
2011-10-31,-0.024737567018652373
2011-11-01,-0.027942232506183662
2011-11-02,0.0161046721607514
2011-11-03,0.018781807900476677
2011-11-04,-0.0062799825556040245
2011-11-07,0.006295731828953821
2011-11-08,0.011735600101497212
2011-11-09,-0.036695090601291724
2011-11-10,0.008624196566593634
2011-11-11,0.01948051948051943
2011-11-14,-0.009550183961704262
2011-11-15,0.004817140392081587
2011-11-16,-0.016616182094274845
2011-11-17,-0.01679992885496917
2011-11-18,-0.0003946946461316214
2011-11-21,-0.018648459671780637
2011-11-22,-0.004140890878304826
2011-11-23,-0.022095215649304722
2011-11-25,-0.0026855111508963248
2011-11-28,0.029240422208221428
2011-11-29,0.002213743658546985
2011-11-30,0.04331528878253654
2011-12-01,-0.0019086418168987596
2011-12-02,-0.00024104517186518404
2011-12-05,0.01028707364901793
2011-12-06,0.0011057371050371412
2011-12-07,0.0020183238376758617
2011-12-08,-0.021141783173805218
2011-12-09,0.016883379916555308
2011-12-12,-0.014914076753320238
2011-12-13,-0.00868601745291031
2011-12-14,-0.011348339356954673
2011-12-15,0.003243055899391001
2011-12-16,0.0032161217355541893
2011-12-19,-0.011732777987308096
2011-12-20,0.029825361928070615
2011-12-21,0.001949569000241791
2011-12-22,0.008265526002637191
2011-12-23,0.009035087719298174
2011-12-27,7.903076667759024e-05
2011-12-28,-0.012477971914685138
2011-12-29,0.01070708364008821
2011-12-30,-0.0042913018004465675
2012-01-03,0.015473918575063639
2012-01-04,0.00018793165552133395
2012-01-05,0.0029437093869881803
2012-01-06,-0.0025369615786926536
2012-01-09,0.002261682096712514
2012-01-10,0.008885765596938988
2012-01-11,0.00030957835428147007
2012-01-12,0.0023365932161425462
2012-01-13,-0.0049478965650329165
2012-01-17,0.003552893901899834
2012-01-18,0.011107933244181245
2012-01-19,0.004938686890309185
2012-01-20,0.000669456066945795
2012-01-23,0.00047134668308768113
2012-01-24,-0.001025835866261371
2012-01-25,0.008679116114555185
2012-01-26,-0.005753887456072748
2012-01-27,-0.0015928035618122394
2012-01-30,-0.0025221638950718717
2012-01-31,-0.0004569652934859336
2012-02-01,0.008899657881302314
2012-02-02,0.001095091723372299
2012-02-03,0.014605368378170613
2012-02-06,-0.0004238233325899454
2012-02-07,0.0020233127282736074
2012-02-08,0.0021602761590142627
2012-02-09,0.001474117751637083
2012-02-10,-0.006886349347239085
2012-02-13,0.006800035750461619
2012-02-14,-0.0009395089401302847
2012-02-15,-0.005383191410588628
2012-02-16,0.011025662023629534
2012-02-17,0.002348973520662101
2012-02-21,0.0007199371156969558
2012-02-22,-0.003340160474523013
2012-02-23,0.004272056332218721
2012-02-24,0.0016722162733047163
2012-02-27,0.0013545770058722706
2012-02-28,0.003356269057246841
2012-02-29,-0.004736987858735775
2012-03-01,0.006158104387557817
2012-03-02,-0.0032457844828212012
2012-03-05,-0.0038696582288648695
2012-03-06,-0.015370181700908203
2012-03-07,0.006900607432110739
2012-03-08,0.009817910293280496
2012-03-09,0.0036312787811787484
2012-03-12,0.00016048202966012504
2012-03-13,0.01813155956210033
2012-03-14,-0.0011963179196963214
2012-03-15,0.005967237570645656
2012-03-16,0.0011193497789820928
2012-03-19,0.003973877806818127
2012-03-20,-0.003000532009221457
2012-03-21,-0.0018711935796003054
2012-03-22,-0.007206552188696258
2012-03-23,0.003108890133402209
2012-03-26,0.013885807130433525
2012-03-27,-0.0028167820911959573
2012-03-28,-0.004941522951887434
2012-03-29,-0.0016079229335344003
2012-03-30,0.0036984778518898143
2012-04-02,0.007504597187018458
2012-04-03,-0.003988612019393267
2012-04-04,-0.010202493313900107
2012-04-05,-0.0006290387144737286
2012-04-09,-0.011358434424353359
2012-04-10,-0.017081464332224128
2012-04-11,0.0074488992264039044
2012-04-12,0.01377939811939699
2012-04-13,-0.012475046303970228
2012-04-16,-0.0005035540700305541
2012-04-17,0.015486612586432358
2012-04-18,-0.004055278333021661
2012-04-19,-0.005934418181555712
2012-04-20,0.0011692763559247865
2012-04-23,-0.008407506546828758
2012-04-24,0.003679751854507085
2012-04-25,0.013644613220405777
2012-04-26,0.006680137198081582
2012-04-27,0.0024143202045743273
2012-04-30,-0.003883536654885278
2012-05-01,0.00565844725339959
2012-05-02,-0.0024967634547807815
2012-05-03,-0.007658791565345768
2012-05-04,-0.01614722938838864
2012-05-07,0.000350595281571886
2012-05-08,-0.004278683976109421
2012-05-09,-0.00670225559499027
2012-05-10,0.002517385462652788
2012-05-11,-0.003387359258904654
2012-05-14,-0.011112835176852354
2012-05-15,-0.005745881122277252
2012-05-16,-0.0044038296785055
2012-05-17,-0.015051328502415529
2012-05-18,-0.007387765737320362
2012-05-21,0.016035885795463223
2012-05-22,0.000486325883935379
2012-05-23,0.0016937180529077445
2012-05-24,0.0013799796794202734
2012-05-25,-0.002165551079746919
2012-05-29,0.011078903036833676
2012-05-30,-0.01433481935125569
2012-05-31,-0.0022766728596229635
2012-06-01,-0.024642647272061224
2012-06-04,0.00010954273731655917
2012-06-05,0.0057268929258789125
2012-06-06,0.0230493971217427
2012-06-07,-0.00010645335442127646
2012-06-08,0.00811413014547635
2012-06-11,-0.01262012884148278
2012-06-12,0.011650737625388707
2012-06-13,-0.007023214366626895
2012-06-14,0.01081467510343126
2012-06-15,0.010337822586712786
2012-06-18,0.001444699294033569
2012-06-19,0.009815731941284156
2012-06-20,-0.0016863282228014587
2012-06-21,-0.022261726500896306
2012-06-22,0.0071745969475900395
2012-06-25,-0.015954817156297207
2012-06-26,0.004772706512803371
2012-06-27,0.008984916552398081
2012-06-28,-0.0021098472050155026
2012-06-29,0.02492024318304953
2012-07-02,0.002459329300522617
2012-07-03,0.006232103756105722
2012-07-05,-0.004686976899899609
2012-07-06,-0.009432720572105424
2012-07-09,-0.0016387633979980665
2012-07-10,-0.008125933484169567
2012-07-11,-1.4909017719388906e-05
2012-07-12,-0.004987140780498778
2012-07-13,0.016497347837813425
2012-07-16,-0.0023143029820603678
2012-07-17,0.0074096510150409856
2012-07-18,0.006680501880953482
2012-07-19,0.0027171141770714335
2012-07-20,-0.010061677721193374
2012-07-23,-0.008909045543275762
2012-07-24,-0.009040961999822295
2012-07-25,-0.0003138286346211494
2012-07-26,0.016540971230818657
2012-07-27,0.019080601755856463
2012-07-30,-0.0004834159469542243
2012-07-31,-0.004316754493611463
2012-08-01,-0.002899979700142108
2012-08-02,-0.00750370822790325
2012-08-03,0.019040293040293088
2012-08-06,0.00232927627085755
2012-08-07,0.005106761438213203
2012-08-08,0.0006208299140115781
2012-08-09,0.0004136298155781315
2012-08-10,0.0021884801824920697
2012-08-13,-0.0012518938450923889
2012-08-14,-0.00012819508443062677
2012-08-15,0.001139657960154583
2012-08-16,0.007100524357359861
2012-08-17,0.0018721167635693536
2012-08-20,-2.1154171602644212e-05
2012-08-21,-0.003497563693032446
2012-08-22,0.00022644126325910285
2012-08-23,-0.008072218409751808
2012-08-24,0.006454695880406369
2012-08-27,-0.0004889698326873138
2012-08-28,-0.0008082584158135564
2012-08-29,0.0008443908323281235
2012-08-30,-0.007805797985097396
2012-08-31,0.005073312944807951
2012-09-04,-0.0011659486129476093
2012-09-05,-0.001067661252437846
2012-09-06,0.02043550133956562
2012-09-07,0.00404993994916647
2012-09-10,-0.006147768999666292
2012-09-11,0.003134883981302572
2012-09-12,0.0020926923184241275
2012-09-13,0.01630979562287682
2012-09-14,0.00395893122555635
2012-09-17,-0.003124637562509802
2012-09-18,-0.001279778810421739
2012-09-19,0.0011854836499192167
2012-09-20,-0.0005407070257691382
2012-09-21,-7.532905099083553e-05
2012-09-24,-0.0022326473307536787
2012-09-25,-0.010501822375059366
2012-09-26,-0.005736721259165245
2012-09-27,0.009648926966762561
2012-09-28,-0.004477766644784609
2012-10-01,0.00265154407324375
2012-10-02,0.0008722801819327497
2012-10-03,0.0036244163928755846
2012-10-04,0.007174411953218218
2012-10-05,-0.00032160941562886514
2012-10-08,-0.0034567022376157386
2012-10-09,-0.009890925076242563
2012-10-10,-0.006188084468740529
2012-10-11,0.0001954542916178248
2012-10-12,-0.002966137182099926
2012-10-15,0.00807789498736522
2012-10-16,0.010269906189024569
2012-10-17,0.004117064855799546
2012-10-18,-0.002443682362363253
2012-10-19,-0.01657128741405567
2012-10-22,0.0004395788416049484
2012-10-23,-0.014443932990194086
2012-10-24,-0.0030853932107195448
2012-10-25,0.002995563442768523
2012-10-26,-0.0007289609828942112
2012-10-31,0.00015581398642994237
2012-11-01,0.010926523906639396
2012-11-02,-0.00937944367780652
2012-11-05,0.0021637675010606205
2012-11-06,0.00785318149104608
2012-11-07,-0.023705010536338222
2012-11-08,-0.012204828867073525
2012-11-09,0.0016987172506914838
2012-11-12,0.0001304489618436655
2012-11-13,-0.003985420606798407
2012-11-14,-0.013852007595323457
2012-11-15,-0.0015935196866078138
2012-11-16,0.004839913398801521
2012-11-19,0.01986204665117519
2012-11-20,0.0006633547000842732
2012-11-21,0.0023202023331725385
2012-11-23,0.01302631862720438
2012-11-26,-0.0020295923074195032
2012-11-27,-0.005226518001265723
2012-11-28,0.007855948074971142
2012-11-29,0.004269715517791761
2012-11-30,0.000162435114234194
2012-12-03,-0.0047451595136212
2012-12-04,-0.0017098747037873618
2012-12-05,0.0015848761593404426
2012-12-06,0.003306653042688623
2012-12-07,0.002920916021896147
2012-12-10,0.00033848822695636827
2012-12-11,0.0065489408198511345
2012-12-12,0.00044822949350065144
2012-12-13,-0.006321404569892497
2012-12-14,-0.0041354045581035725
2012-12-17,0.011870569759051541
2012-12-18,0.01148661875332091
2012-12-19,-0.007589214744365136
2012-12-20,0.0054881913345081745
2012-12-21,-0.009378744744370282
2012-12-24,-0.0024403034646715005
2012-12-26,-0.004787405548624113
2012-12-27,-0.0012184557306156307
2012-12-28,-0.011049996474155499
2012-12-31,0.01694202206170714
2013-01-02,0.02540334738008254
2013-01-03,-0.0020855841687067445
2013-01-04,0.004865113028224677
2013-01-07,-0.0031231460582213932
2013-01-08,-0.0032423780174979377
2013-01-09,0.0026558693339737705
2013-01-10,0.007597431931116505
2013-01-11,-4.755047142890323e-05
2013-01-14,-0.0009306749091402278
2013-01-15,0.0011287295672748332
2013-01-16,0.00019696537484570342
2013-01-17,0.00564296530696784
2013-01-18,0.0034032438856401726
2013-01-22,0.004428054213380994
2013-01-23,0.0015074770863483522
2013-01-24,6.689813421001389e-06
2013-01-25,0.005445471695588733
2013-01-28,-0.0018496832916378159
2013-01-29,0.0051060539401937
2013-01-30,-0.003899617996604321
2013-01-31,-0.0025633172654399017
2013-02-01,0.010052666359613216
2013-02-04,-0.011538690299173315
2013-02-05,0.01041645773579103
2013-02-06,0.0005491996903306262
2013-02-07,-0.0018054122688674346
2013-02-08,0.005657914786768137
2013-02-11,-0.0006060885548082595
2013-02-12,0.0015952432745993672
2013-02-13,0.0005923273859276268
2013-02-14,0.0006906395322070491
2013-02-15,-0.0010451037873510094
2013-02-19,0.007336539916699136
2013-02-20,-0.01240414385932831
2013-02-21,-0.0063031184893680425
2013-02-22,0.008772513677932858
2013-02-25,-0.018309580364212152
2013-02-26,0.006109486843431933
2013-02-27,0.012725960960359162
2013-02-28,-0.000864121794998618
2013-03-01,0.002323923204901268
2013-03-04,0.004610723224871549
2013-03-05,0.009565958562811394
2013-03-06,0.0010845634794356407
2013-03-07,0.0018164597200056587
2013-03-08,0.004481110693795198
2013-03-11,0.00324913936487059
2013-03-12,-0.0024032591792934044
2013-03-13,0.0013140265897144676
2013-03-14,0.005603015721894922
2013-03-15,-0.0016184438630272302
2013-03-18,-0.005510347920804848
2013-03-19,-0.002422524321886499
2013-03-20,0.006697495382151253
2013-03-21,-0.008282490007762933
2013-03-22,0.007174278690645686
2013-03-25,-0.0033399919069426742
2013-03-26,0.007785060160212298
2013-03-27,-0.0005883218120312783
2013-03-28,0.004056691301148607
2013-04-01,-0.0044736456388327905
2013-04-02,0.005172292388152311
2013-04-03,-0.010546091386721801
2013-04-04,0.004048426648816772
2013-04-05,-0.004294926858036674
2013-04-08,0.006302791512154959
2013-04-09,0.003544307036792871
2013-04-10,0.012189135604133705
2013-04-11,0.003552241250086574
2013-04-12,-0.0028367548027137257
2013-04-15,-0.02296629637788339
2013-04-16,0.014307248318689014
2013-04-17,-0.01432772121912651
2013-04-18,-0.006700987751367626
2013-04-19,0.008847892787410716
2013-04-22,0.004661629963028435
2013-04-23,0.010419200000000073
2013-04-24,6.3340047378179776e-06
2013-04-25,0.004034735461967864
2013-04-26,-0.0018420853415428429
2013-04-29,0.007186014763878923
2013-04-30,0.0024849241658875254
2013-05-01,-0.009307886352397654
2013-05-02,0.009407973715801932
2013-05-03,0.010534617768013232
2013-05-06,0.00190780589933226
2013-05-07,0.005230293663060381
2013-05-08,0.004139093212625067
2013-05-09,-0.0036871665778561713
2013-05-10,0.004321712455507276
2013-05-13,4.284752402528014e-05
2013-05-14,0.01014218647667664
2013-05-15,0.005114097701079734
2013-05-16,-0.005009705928453401
2013-05-17,0.01030009633619522
2013-05-20,-0.0007076589084061835
2013-05-21,0.001722389259972923
2013-05-22,-0.008273622660500024
2013-05-23,-0.0029238529616092412
2013-05-24,-0.0005513447358695966
2013-05-28,0.006340931134820593
2013-05-29,-0.007047938026336409
2013-05-30,0.0036703147370720224
2013-05-31,-0.014307215261029627
2013-06-03,0.005935955455805386
2013-06-04,-0.005510783823654886
2013-06-05,-0.013779744755973433
2013-06-06,0.008490272857231584
2013-06-07,0.012831574795385103
2013-06-10,-0.0003468461341870066
2013-06-11,-0.010153334834825611
2013-06-12,-0.008369564548959874
2013-06-13,0.014784312752710083
2013-06-14,-0.0058850130778067555
2013-06-17,0.007567328321233413
2013-06-18,0.007791146036704388
2013-06-19,-0.01385147202160053
2013-06-20,-0.025010282823694108
2013-06-21,0.002669705765683039
2013-06-24,-0.012144960846002695
2013-06-25,0.009497231563356134
2013-06-26,0.00959049892004571
2013-06-27,0.006199867769419942
2013-06-28,-0.004289610711629144
2013-07-01,0.0054037901237642405
2013-07-02,-0.0005449051369693647
2013-07-03,0.0008239988104679075
2013-07-05,0.010201744448777639
2013-07-08,0.005251579456948763
2013-07-09,0.007229679480145856
2013-07-10,0.00018156289338633336
2013-07-11,0.013554235093367062
2013-07-12,0.0030865303100859887
2013-07-15,0.0013748445116326113
2013-07-16,-0.0037087667161961324
2013-07-17,0.0027740326679632776
2013-07-18,0.005032988083835344
2013-07-19,0.0016100676583579165
2013-07-22,0.00203298878901248
2013-07-23,-0.0018519283056034341
2013-07-24,-0.0038111782745112732
2013-07-25,0.002556437358387509
2013-07-26,0.0008282798402603486
2013-07-29,-0.0037359973989892215
2013-07-30,0.0003738140304867521
2013-07-31,-0.00013642079290143716
2013-08-01,0.01254056106256618
2013-08-02,0.0016404295581973205
2013-08-05,-0.001479817742605305
2013-08-06,-0.005723022130581068
2013-08-07,-0.003805887932507246
2013-08-08,0.0038854817819991005
2013-08-09,-0.003569997879209197
2013-08-12,-0.0011528774639061323
2013-08-13,0.0027760185146821215
2013-08-14,-0.005176606695943664
2013-08-15,-0.01428156094435129
2013-08-16,-0.003304601160523002
2013-08-19,-0.005900364167819139
2013-08-20,0.0038212458841111463
2013-08-21,-0.005779647169183222
2013-08-22,0.008619430241051829
2013-08-23,0.003946987253765855
2013-08-26,-0.004039675383228136
2013-08-27,-0.01587416555004284
2013-08-28,0.002747657131642267
2013-08-29,0.0019633507853402676
2013-08-30,-0.003174273732274413
2013-09-03,0.00416419162630044
2013-09-04,0.008116992017173086
2013-09-05,0.0012098628015582147
2013-09-06,5.437803610708336e-05
2013-09-09,0.00999293123969136
2013-09-10,0.0073457716948512886
2013-09-11,0.0030522746572130277
2013-09-12,-0.00338043845056335
2013-09-13,0.002714711717812568
2013-09-16,0.0056931616893465264
2013-09-17,0.004217719132893594
2013-09-18,0.01217766723761704
2013-09-19,-0.0018429227131532278
2013-09-20,-0.007216925810234809
2013-09-23,-0.0047195466428058275
2013-09-24,-0.0025971889249282176
2013-09-25,-0.0027394516383688616
2013-09-26,0.0034854114853171136
2013-09-27,-0.004073775365432963
2013-09-30,-0.006029259642382212
2013-10-01,0.007998572745383736
2013-10-02,-0.0006666666666667043
2013-10-03,-0.008979437619179631
2013-10-04,0.007053244850058871
2013-10-07,-0.008506359065365343
2013-10-08,-0.012332052597665899
2013-10-09,0.0005738620918782633
2013-10-10,0.0218304757304999
2013-10-11,0.006286335491799466
2013-10-14,0.004074682949741781
2013-10-15,-0.007063749166735023
2013-10-16,0.013827544374168221
2013-10-17,0.006743961801642717
2013-10-18,0.00654876958139794
2013-10-21,9.17168243050881e-05
2013-10-22,0.0057375075946028975
2013-10-23,-0.0047245350977676015
2013-10-24,0.003258168325335653
2013-10-25,0.004394801577562557
2013-10-28,0.0013297192246712886
2013-10-29,0.0055842143793520815
2013-10-30,-0.004875984085329743
2013-10-31,-0.0038393702752210768
2013-11-01,0.0029034351623078436
2013-11-04,0.003570536545491665
2013-11-05,-0.0028055409433631606
2013-11-06,0.004265529192215345
2013-11-07,-0.013182791204694677
2013-11-08,0.013427582062215393
2013-11-11,0.000722914701713151
2013-11-12,-0.0023703503039127494
2013-11-13,0.008095310829387525
2013-11-14,0.0048372615039280475
2013-11-15,0.004222001317979451
2013-11-18,-0.003698183719093806
2013-11-19,-0.0020429465317355344
2013-11-20,-0.003635611090291757
2013-11-21,0.008128575197741128
2013-11-22,0.00496143887295708
2013-11-25,-0.0012633258715840645
2013-11-26,0.00014979361768219235
2013-11-27,0.0024850922202190873
2013-11-29,-0.000785732861893651
2013-12-02,-0.0027190014453346567
2013-12-03,-0.0031928480204341803
2013-12-04,-0.001303512241316973
2013-12-05,-0.004339556338931572
2013-12-06,0.011237906365719308
2013-12-09,0.001817083912713402
2013-12-10,-0.0031796590299552063
2013-12-11,-0.011316861013413781
2013-12-12,-0.0037705782675540034
2013-12-13,-0.0001013798929879739
2013-12-16,0.006319987382556347
2013-12-17,-0.0031009661132691546
2013-12-18,0.01664795058955648
2013-12-19,-0.0005799022450502234
2013-12-20,0.004818744473916947
2013-12-23,0.005318095824717428
2013-12-24,0.0029157708740199517
2013-12-26,0.004745489058102237
2013-12-27,-0.0003365870077414179
2013-12-30,-0.00017921146953414624
2013-12-31,0.003959653896918658
2014-01-02,-0.008861910017529007
2014-01-03,-0.000332973067391662
2014-01-06,-0.0025117807979817552
2014-01-07,0.006081772746432401
2014-01-08,-0.0002122010142120434
2014-01-09,0.00034830121524476176
2014-01-10,0.0023066921273249275
2014-01-13,-0.01257619262146037
2014-01-14,0.010817941952506738
2014-01-15,0.005166188114504422
2014-01-16,-0.001347125591058096
2014-01-17,-0.0038951400137603454
2014-01-21,0.002773698808941072
2014-01-22,0.0005748996637378045
2014-01-23,-0.008889563435707792
2014-01-24,-0.020875490850223777
2014-01-27,-0.0048763049561803
2014-01-28,0.006140685691192083
2014-01-29,-0.010209205020920487
2014-01-30,0.011267049938000318
2014-01-31,-0.00646531303819553
2014-02-03,-0.02283194677407585
2014-02-04,0.00764112544420148
2014-02-05,-0.0020282588878759444
2014-02-06,0.01243977072914526
2014-02-07,0.013301906475022829
2014-02-10,0.0015692646715117498
2014-02-11,0.011062094408391898
2014-02-12,-0.0002692677565599988
2014-02-13,0.005810054637599871
2014-02-14,0.004809189924747104
2014-02-18,0.0011584712530525731
2014-02-19,-0.006524479019535456
2014-02-20,0.006031442241968499
2014-02-21,-0.0019187076715694307
2014-02-24,0.006186521443158455
2014-02-25,-0.0013476870118693807
2014-02-26,2.167880679859735e-05
2014-02-27,0.004948080383272879
2014-02-28,0.00278273624945391
2014-03-03,-0.007378525908198652
2014-03-04,0.01526767186966671
2014-03-05,-5.336435581226873e-05
2014-03-06,0.0017184239597398676
2014-03-07,0.0005380841009468007
2014-03-10,-0.00046324891908577914
2014-03-11,-0.0050821182950930854
2014-03-12,0.00030519963804387373
2014-03-13,-0.011701102665667595
2014-03-14,-0.0028217988019539897
2014-03-17,0.009613661175473576
2014-03-18,0.007219595121662481
2014-03-19,-0.006131659767659281
2014-03-20,0.006040510111405606
2014-03-21,-0.0029326766416846173
2014-03-24,-0.004864667938195066
2014-03-25,0.004403910758893792
2014-03-26,-0.007000353769792356
2014-03-27,-0.0019000734119272167
2014-03-28,0.004640245749145455
2014-03-31,0.007924117957386345
2014-04-01,0.007039319781663611
2014-04-02,0.002853324281895775
2014-04-03,-0.0011264477233063896
2014-04-04,-0.012537259698110481
2014-04-07,-0.010750151467221358
2014-04-08,0.003750596193036415
2014-04-09,0.010918162379317087
2014-04-10,-0.020884743988291765
2014-04-11,-0.009486765443952216
2014-04-14,0.008217261757238248
2014-04-15,0.006757310404728489
2014-04-16,0.01048844805695115
2014-04-17,0.0013638975251166752
2014-04-21,0.0037751025551653328
2014-04-22,0.004092120797696275
2014-04-23,-0.0022132957356812977
2014-04-24,0.0017169762022830604
2014-04-25,-0.008096411708656825
2014-04-28,0.00323602017816893
2014-04-29,0.004760809444589897
2014-04-30,0.0029920195066894806
2014-05-01,-0.00014331590541150074
2014-05-02,-0.0013484243608256063
2014-05-05,0.0018712057582104258
2014-05-06,-0.008988358642938232
2014-05-07,0.005616473561347535
2014-05-08,-0.001373648314086262
2014-05-09,0.0015194894515442314
2014-05-12,0.009672714109279834
2014-05-13,0.00042179632509942167
2014-05-14,-0.0047010461408732995
2014-05-15,-0.009361778737960291
2014-05-16,0.0037469599379960083
2014-05-19,0.003844802061921504
2014-05-20,-0.006498397945975731
2014-05-21,0.008116059653038521
2014-05-22,0.002362250599831528
2014-05-23,0.00424837119350685
2014-05-27,0.005987803402208947
2014-05-28,-0.0011140691768964928
2014-05-29,0.005367110347788806
2014-05-30,0.0018437211918562735
2014-06-02,0.0007278133886472471
2014-06-03,-0.0003792266892471696
2014-06-04,0.00189165592649565
2014-06-05,0.006525302404714051
2014-06-06,0.0046277686734073065
2014-06-09,0.0009387311227839756
2014-06-10,-0.0002459936349147318
2014-06-11,-0.0035370285884179786
2014-06-12,-0.007088878485922656
2014-06-13,0.0031345363735746368
2014-06-16,0.0008367077101065767
2014-06-17,0.0021725892516177847
2014-06-18,0.007718886297045868
2014-06-19,0.0012774785639098063
2014-06-20,0.0017300508298119244
2014-06-23,-0.0001324591032518807
2014-06-24,-0.006435308084642322
2014-06-25,0.0048974861280628446
2014-06-26,-0.0011788541129760244
2014-06-27,0.0019108735860047243
2014-06-30,-0.0003722666449086365
2014-07-01,0.006677787810614122
2014-07-02,0.0006587882350557184
2014-07-03,0.005479535302995053
2014-07-07,-0.003923563542590047
2014-07-08,-0.0070487700048037505
2014-07-09,0.004644270284308805
2014-07-10,-0.004131121282624384
2014-07-11,0.001470977461978551
2014-07-14,0.004843537968153511
2014-07-15,-0.0019321228061301987
2014-07-16,0.0042011270574879855
2014-07-17,-0.011834050777918548
2014-07-18,0.01026494801135791
2014-07-21,-0.0023202677154209317
2014-07-22,0.005016137776584273
2014-07-23,0.0017544478782776096
2014-07-24,0.00048817066849182744
2014-07-25,-0.004849143351542851
2014-07-28,0.0002881203433182655
2014-07-29,-0.004527745071781997
2014-07-30,6.091525165596856e-05
2014-07-31,-0.019999289365352446
2014-08-01,-0.0028591110857888458
2014-08-04,0.007189050203880276
2014-08-05,-0.009685454798632254
2014-08-06,1.56232912025267e-05
2014-08-07,-0.005556597092030158
2014-08-08,0.011531391884036735
2014-08-11,0.0027593847555642537
2014-08-12,-0.001636618962063574
2014-08-13,0.006707175177763425
2014-08-14,0.004345771348730265
2014-08-15,-6.137542323469969e-05
2014-08-18,0.00853170746677856
2014-08-19,0.005000659316136913
2014-08-20,0.002477795720629894
2014-08-21,0.002949897055640305
2014-08-22,-0.0019926017757744274
2014-08-25,0.004787769060551117
2014-08-26,0.0010510931368623577
2014-08-27,4.999950000494913e-05
2014-08-28,-0.0016898986060835952
2014-08-29,0.0033204122720034146
2014-09-02,-0.0005440832197746159
2014-09-03,-0.0007791118125336505
2014-09-04,-0.0015344475988643413
2014-09-05,0.005035917202713236
2014-09-08,-0.0030731529952034986
2014-09-09,-0.006544960380507003
2014-09-10,0.0036460743095090287
2014-09-11,0.0008819004955680221
2014-09-12,-0.005962602317955423
2014-09-15,-0.0007101342707775959
2014-09-16,0.007484388623729243
2014-09-17,0.0012956607870013848
2014-09-18,0.004891160439055353
2014-09-19,-0.00047728899848853423
2014-09-22,-0.008013330680461617
2014-09-23,-0.005776491884329715
2014-09-24,0.007832476787524412
2014-09-25,-0.0161687434319171
2014-09-26,0.008575832023560492
2014-09-29,-0.002546839145674107
2014-09-30,-0.002785923753665709
2014-10-01,-0.013248558781923436
2014-10-02,5.138323673214984e-06
2014-10-03,0.011165519969992266
2014-10-06,-0.0015651201788710045
2014-10-07,-0.015126067527814313
2014-10-08,0.017461629889928165
2014-10-09,-0.020661387888607274
2014-10-10,-0.011451034897651202
2014-10-13,-0.016467921915084505
2014-10-14,0.0015788856054705924
2014-10-15,-0.008100335516855739
2014-10-16,0.0001449672213005293
2014-10-17,0.01288410745345625
2014-10-20,0.009142657253704778
2014-10-21,0.019574477024805637
2014-10-22,-0.0072993076732877915
2014-10-23,0.012303397315150733
2014-10-24,0.007053444192698377
2014-10-27,-0.0015015932158526368
2014-10-28,0.01193905068743839
2014-10-29,-0.001385355532606214
2014-10-30,0.006230136709882483
2014-10-31,0.01173138144536634
2014-11-03,-0.00011892668665292039
2014-11-04,-0.0028298006254305896
2014-11-05,0.005700511902986927
2014-11-06,0.003775505665729373
2014-11-07,0.0003495453448929542
2014-11-10,0.0031202015827394014
2014-11-11,0.0006966726521642208
2014-11-12,-0.0007010903671164082
2014-11-13,0.0005298663068808995
2014-11-14,0.00024027499227696758
2014-11-17,0.000735359002264957
2014-11-18,0.005133932945349251
2014-11-19,-0.0015011209669559822
2014-11-20,0.001967081885274835
2014-11-21,0.0052368773596394025
2014-11-24,0.0028640659074388175
2014-11-25,-0.0011500862564690628
2014-11-26,0.002805958307329659
2014-11-28,-0.002542417853852008
2014-12-01,-0.006829306041904459
2014-12-02,0.006384408602150504
2014-12-03,0.003764728654036764
2014-12-04,-0.001161820925310808
2014-12-05,0.0016651222054904213
2014-12-08,-0.0072565373885138396
2014-12-09,-0.0002378282879760274
2014-12-10,-0.016350943286306596
2014-12-11,0.004535718163601654
2014-12-12,-0.016213586985894146
2014-12-15,-0.006342610858349973
2014-12-16,-0.008489015545603995
2014-12-17,0.020352403256384655
2014-12-18,0.024015221894887473
2014-12-19,0.0045700867928373246
2014-12-22,0.0038103977012049484
2014-12-23,0.001746418158899976
2014-12-24,-0.00013927777270827946
2014-12-26,0.0033095087132783974
2014-12-29,0.0008617511741360051
2014-12-30,-0.004888618893411967
2014-12-31,-0.010310765015502099
2015-01-02,-0.0003399873718977764
2015-01-05,-0.018278107083859685
2015-01-06,-0.008893486028764053
2015-01-07,0.011629823080879564
2015-01-08,0.017888345920331616
2015-01-09,-0.008403891103416772
2015-01-12,-0.008093661513783657
2015-01-13,-0.0025785648782700177
2015-01-14,-0.005813062584341333
2015-01-15,-0.00924788815027322
2015-01-16,0.013424199691870697
2015-01-20,0.0015499499856392873
2015-01-21,0.004731650639044682
2015-01-22,0.01526976753341347
2015-01-23,-0.005491602646438665
2015-01-26,0.002568451423614171
2015-01-27,-0.0133878439932138
2015-01-28,-0.013495602473454604
2015-01-29,0.009534702521277083
2015-01-30,-0.012991960420531856
2015-02-02,0.0129624709898295
2015-02-03,0.01443946854046585
2015-02-04,-0.004156036740925795
2015-02-05,0.010291401952476242
2015-02-06,-0.0034181486724977894
2015-02-09,-0.004247203802536514
2015-02-10,0.010675513255225422
2015-02-11,-2.9005264455483903e-05
2015-02-12,0.009644530173601451
2015-02-13,0.004074733777675421
2015-02-17,0.0015975278852071728
2015-02-18,-0.00031423483816916953
2015-02-19,-0.0010620666006249113
2015-02-20,0.0061264869245991616
2015-02-23,-0.0003032744159600087
2015-02-24,0.002758738374904146
2015-02-25,-0.0007657836519371353
2015-02-26,-0.0014759728648067183
2015-02-27,-0.002956309161715742
2015-03-02,0.0061249703017343116
2015-03-03,-0.004538606491954589
2015-03-04,-0.0043885035440131
2015-03-05,0.0011960753479816066
2015-03-06,-0.014173932909416154
2015-03-09,0.003944458928381467
2015-03-10,-0.016961378839393415
2015-03-11,-0.0019176581089542788
2015-03-12,0.012601458651923192
2015-03-13,-0.006074687189912553
2015-03-16,0.01353365150482122
2015-03-17,-0.003320215838054086
2015-03-18,0.012158435698169878
2015-03-19,-0.004872588711598014
2015-03-20,0.009012717360609157
2015-03-23,-0.0017456477396706749
2015-03-24,-0.006139458853270718
2015-03-25,-0.014558928998326448
2015-03-26,-0.0023774289803740745
2015-03-27,0.002368504243367431
2015-03-30,0.012236659518102488
2015-03-31,-0.008795728200015285
2015-04-01,-0.003965394677666545
2015-04-02,0.0035296573756244953
2015-04-06,0.006608739404729613
2015-04-07,-0.0020618853995443276
2015-04-08,0.0026826178882932705
2015-04-09,0.004457466737115112
2015-04-10,0.005202804158417784
2015-04-13,-0.004581220326727142
2015-04-14,0.0016296841471401535
2015-04-15,0.005148293762882616
2015-04-16,-0.0007784945624055295
2015-04-17,-0.01131121763048748
2015-04-20,0.009235145446333526
2015-04-21,-0.0014806703485050754
2015-04-22,0.00508751770141469
2015-04-23,0.002357729748192483
2015-04-24,0.00225279588060201
2015-04-27,-0.004141304912428145
2015-04-28,0.0027691899171140566
2015-04-29,-0.003740377158637509
2015-04-30,-0.010128865367728945
2015-05-01,0.010922987662490113
2015-05-04,0.0029407719051932624
2015-05-05,-0.011837369767650707
2015-05-06,-0.0044556966871822645
2015-05-07,0.0037737663149290945
2015-05-08,0.01345785440613012
2015-05-11,-0.005089551533481451
2015-05-12,-0.002949656348410934
2015-05-13,-0.00030488966805131135
2015-05-14,0.010779230681254859
2015-05-15,0.0007684691905143204
2015-05-18,0.003047961822747025
2015-05-19,-0.0006434341536727395
2015-05-20,-0.0009305254649102368
2015-05-21,0.002337888374062347
2015-05-22,-0.0022338817919862475
2015-05-26,-0.01028192995494015
2015-05-27,0.00916262712669913
2015-05-28,-0.0012667884792887385
2015-05-29,-0.006318400218786491
2015-06-01,0.0020594194714789182
2015-06-02,-0.0010086516742198182
2015-06-03,0.0021188850967008843
2015-06-04,-0.008623177094419732
2015-06-05,-0.0014361783342240475
2015-06-08,-0.00647448669982742
2015-06-09,0.00041841406640763523
2015-06-10,0.012042400788404573
2015-06-11,0.001738552156564932
2015-06-12,-0.006994300238043261
2015-06-15,-0.004622488789987278
2015-06-16,0.005689804886707783
2015-06-17,0.001979687924857698
2015-06-18,0.009902687056045245
2015-06-19,-0.005303501725405946
2015-06-22,0.006094815615239835
2015-06-23,0.0006359375368019116
2015-06-24,-0.0073533565577629245
2015-06-25,-0.002973565148109092
2015-06-26,-0.0003900471386237836
2015-06-29,-0.020866147352592623
2015-06-30,0.0026583853346553443
2015-07-01,0.0069361304050681305
2015-07-02,-0.0003080744384861278
2015-07-06,-0.003861747512976854
2015-07-07,0.006080937373112327
2015-07-08,-0.016652733335255188
2015-07-09,0.002262200246252455
2015-07-10,0.012338456888524973
2015-07-13,0.011066059269389639
2015-07-14,0.004453229186511587
2015-07-15,-0.0007349628962278754
2015-07-16,0.008014615165606864
2015-07-17,0.0011062519712468077
2015-07-20,0.0007711695444458933
2015-07-21,-0.0042616573007311365
2015-07-22,-0.002387682202330099
2015-07-23,-0.005676040016082129
2015-07-24,-0.010703327545608099
2015-07-27,-0.0057750102180655905
2015-07-28,0.012386102029366963
2015-07-29,0.007318762689597635
2015-07-30,2.845530383144279e-05
2015-07-31,-0.0022716171163267296
2015-08-03,-0.002756863639820639
2015-08-04,-0.0022497187851517886
2015-08-05,0.003114669520188018
2015-08-06,-0.007752971654983343
2015-08-07,-0.0028748872122712488
2015-08-10,0.012808232694927035
2015-08-11,-0.009557167162504987
2015-08-12,0.0009500640573494312
2015-08-13,-0.0012751372210638712
2015-08-14,0.0039118935964941315
2015-08-17,0.005211470973541132
2015-08-18,-0.0026255208234241545
2015-08-19,-0.008254964424012301
2015-08-20,-0.021100110116800797
2015-08-21,-0.031850982202944356
2015-08-24,-0.03941366590728046
2015-08-25,-0.013522007595565322
2015-08-26,0.03903384539598753
2015-08-27,0.024297736162143035
2015-08-28,0.0006087560246721413
2015-08-31,-0.008391699809439435
2015-09-01,-0.029576407832956453
2015-09-02,0.018292969668469272
2015-09-03,0.0011647835144650287
2015-09-04,-0.015329578244401953
2015-09-08,0.025083020164270664
2015-09-09,-0.013897563229596788
2015-09-10,0.005277955139955992
2015-09-11,0.0044870382986135215
2015-09-14,-0.0040896458529868784
2015-09-15,0.012831344116577714
2015-09-16,0.008705367298757816
2015-09-17,-0.0025610055580335134
2015-09-18,-0.016164204602552523
2015-09-21,0.004565813598361723
2015-09-22,-0.01231843902042229
2015-09-23,-0.002048652933485662
2015-09-24,-0.0033629742722152134
2015-09-25,-0.0004657806483666649
2015-09-28,-0.02566611782492978
2015-09-29,0.0012328818080848958
2015-09-30,0.0190755218699743
2015-10-01,0.001973927490716232
2015-10-02,0.014315268580220586
2015-10-05,0.01828980813381431
2015-10-06,-0.0035882338139452408
2015-10-07,0.008035678209220576
2015-10-08,0.008818386335509576
2015-10-09,0.0007251307470337309
2015-10-12,0.0012755038736604885
2015-10-13,-0.006825414134604912
2015-10-14,-0.004716298429397803
2015-10-15,0.01485277599486512
2015-10-16,0.004570474242289402
2015-10-19,0.00027052151629769483
2015-10-20,-0.001421083170244808
2015-10-21,-0.005825376581296671
2015-10-22,0.016627537222502875
2015-10-23,0.011030396928638497
2015-10-26,-0.0019131147145990957
2015-10-27,-0.0025540995953997614
2015-10-28,0.011839933394323987
2015-10-29,-0.00044968545937285054
2015-10-30,-0.0048099702786910115
2015-11-02,0.011873845798707316
2015-11-03,0.002728072051519481
2015-11-04,-0.0035453765540646165
2015-11-05,-0.0011320880364932284
2015-11-06,-0.00034763063530685034
2015-11-09,-0.00982278963414629
2015-11-10,0.0015106466914911465
2015-11-11,-0.0032280998405164185
2015-11-12,-0.01399036144578314
2015-11-13,-0.011207397957936904
2015-11-16,0.014903313824738973
2015-11-17,-0.0013393792099123392
2015-11-18,0.016162384658902518
2015-11-19,-0.0011230670288638889
2015-11-20,0.0038102285176147
2015-11-23,-0.0012349401915593416
2015-11-24,0.0012220896294909966
2015-11-25,-0.0001292397828771552
2015-11-27,0.0005936223891387371
2015-11-30,-0.004640904067250151
2015-12-01,0.010680586999677999
2015-12-02,-0.010995752937987158
2015-12-03,-0.014373578391063457
2015-12-04,0.020525755993794137
2015-12-07,-0.00698956346303703
2015-12-08,-0.006489911269239812
2015-12-09,-0.007738940390290883
2015-12-10,0.00225139430167709
2015-12-11,-0.01942277425044958
2015-12-14,0.00475558669628362
2015-12-15,0.010618514891638675
2015-12-16,0.014514952946300674
2015-12-17,-0.015040495497016582
2015-12-18,-0.017797236873680844
2015-12-21,0.007778414898656383
2015-12-22,0.008816762734086936
2015-12-23,0.012418034595898853
2015-12-24,-0.0015986125980361754
2015-12-28,-0.0021785646703768036
2015-12-29,0.010629710673474513
2015-12-30,-0.007217228968994793
2015-12-31,-0.009411833126550917
2016-01-04,-0.01530377604039257
2016-01-05,0.002012262379140095
2016-01-06,-0.013115420660382515
2016-01-07,-0.023700421050516063
2016-01-08,-0.01083840686741222
2016-01-11,0.0008532645172032449
2016-01-12,0.007802793618448156
2016-01-13,-0.024965440402748285
2016-01-14,0.01669593922593471
2016-01-15,-0.02159909253631931
2016-01-19,0.0005318215419634065
2016-01-20,-0.011693854879261001
2016-01-21,0.005195419855539507
2016-01-22,0.020283682630725774
2016-01-25,-0.015637946405160252
2016-01-26,0.014144309246276299
2016-01-27,-0.010863455608495332
2016-01-28,0.005528558910220527
2016-01-29,0.02476021464486422
2016-02-01,-0.00044324413474616797
2016-02-02,-0.018743103466056232
2016-02-03,0.004992039011471272
2016-02-04,0.0015267734362336416
2016-02-05,-0.018481296823200877
2016-02-08,-0.014153878886199789
2016-02-09,-0.0006636308701657434
2016-02-10,-0.0001889634544679497
2016-02-11,-0.01230114587495812
2016-02-12,0.01951800905373191
2016-02-16,0.01651669365823305
2016-02-17,0.01648044398020665
2016-02-18,-0.004665718645228911
2016-02-19,-2.60711324778784e-05
2016-02-22,0.01445421268341529
2016-02-23,-0.012454381906964795
2016-02-24,0.0044397716094042305
2016-02-25,0.011348326251425123
2016-02-26,-0.0018701644719988364
2016-02-29,-0.008120941454274777
2016-03-01,0.023868794087660294
2016-03-02,0.00409432102509677
2016-03-03,0.003498703717687457
2016-03-04,0.0033059095013543427
2016-03-07,0.0008850044250221512
2016-03-08,-0.011240108704340224
2016-03-09,0.005052393318714987
2016-03-10,0.00015583684385145347
2016-03-11,0.016395502545776264
2016-03-14,-0.0012610091039911842
2016-03-15,-0.0018369610425620353
2016-03-16,0.005600392870784177
2016-03-17,0.0065952387999328455
2016-03-18,0.004405588579773578
2016-03-21,0.0009855677748611402
2016-03-22,-0.0008773640085785184
2016-03-23,-0.006385988876963622
2016-03-24,-0.00037806069592627445
2016-03-28,0.0005452027073489241
2016-03-29,0.008816671166638201
2016-03-30,0.004350343793947387
2016-03-31,-0.0020397780953995692
2016-04-01,0.006330896132521691
2016-04-04,-0.0032082517199124583
2016-04-05,-0.010144569799577008
2016-04-06,0.010507683957812652
2016-04-07,-0.011975845083371128
2016-04-08,0.0027866066574921966
2016-04-11,-0.002739792928306284
2016-04-12,0.00966214330138726
2016-04-13,0.010040160642570406
2016-04-14,0.00017287578874580767
2016-04-15,-0.00098426141983321
2016-04-18,0.006540973600611455
2016-04-19,0.0030845039487379378
2016-04-20,0.0007616146230007281
2016-04-21,-0.005194063926940662
2016-04-22,4.7813031919918814e-05
2016-04-25,-0.0018120272712495167
2016-04-26,0.001872793719674748
2016-04-27,0.001649376105560263
2016-04-28,-0.00923084266043006
2016-04-29,-0.00506308380824827
2016-05-02,0.007810003389338016
2016-05-03,-0.008676727057840061
2016-05-04,-0.005936889651395494
2016-05-05,-0.00023889387261577522
2016-05-06,0.003174634136826171
2016-05-09,0.0007534732687128898
2016-05-10,0.012483666797817872
2016-05-11,-0.0095615503816463
2016-05-12,-0.00016953585925616466
2016-05-13,-0.008478230326872227
2016-05-16,0.009796688181920254
2016-05-17,-0.009411320681679491
2016-05-18,0.00020515726281145064
2016-05-19,-0.0037067243593813526
2016-05-20,0.006019489813925416
2016-05-23,-0.002085444764948985
2016-05-24,0.013681373410675546
2016-05-25,0.006974750248066153
2016-05-26,-0.0002104719354808493
2016-05-27,0.004286876226017977
2016-05-31,-0.0010052118567359658
2016-06-01,0.001134981759221887
2016-06-02,0.002824710741046177
2016-06-03,-0.0029117543676315805
2016-06-06,0.004897266962979874
2016-06-07,0.0012894600859958416
2016-06-08,0.003309455383901483
2016-06-09,-0.0017176941371889187
2016-06-10,-0.009175222644506098
2016-06-13,-0.008115186992800894
2016-06-14,-0.0017988898829277566
2016-06-15,-0.0018406799915194894
2016-06-16,0.0031329954139511784
2016-06-17,-0.003257956005563112
2016-06-20,0.005808171029634712
2016-06-21,0.0027121084843393373
2016-06-22,-0.001651586959643958
2016-06-23,0.013364022153492305
2016-06-24,-0.03591978498287063
2016-06-27,-0.01809650487628911
2016-06-28,0.01777020204544777
2016-06-29,0.01703264590465059
2016-06-30,0.013565002390415248
2016-07-01,0.0019486769007937
2016-07-05,-0.006847523716683512
2016-07-06,0.005352996097771179
2016-07-07,-0.0008715406266519565
2016-07-08,0.015253348586681925
2016-07-11,0.0034086107328981097
2016-07-12,0.007009302064421963
2016-07-13,0.00013474959807435738
2016-07-14,0.005259172191430128
2016-07-15,-0.0009289428076257877
2016-07-18,0.0023823401519147414
2016-07-19,-0.001435236675604079
2016-07-20,0.004270304744474762
2016-07-21,-0.0036124840084306165
2016-07-22,0.004553914935085945
2016-07-25,-0.0030114527155947757
2016-07-26,0.0003228067586511507
2016-07-27,-0.001198609612849011
2016-07-28,0.0016062180948777094
2016-07-29,0.0016312913007012764
2016-08-01,-0.0012697828487301388
2016-08-02,-0.006361592747507805
2016-08-03,0.00313393879547319
2016-08-04,0.00021258994634409945
2016-08-05,0.008603442301027941
2016-08-08,-0.0009070627201803738
2016-08-09,0.0003897491391129382
2016-08-10,-0.002864685984581117
2016-08-11,0.0047345655461528136
2016-08-12,-0.0007960508557545154
2016-08-15,0.002792976351273957
2016-08-16,-0.005479076775563363
2016-08-17,0.001868558180106783
2016-08-18,0.002199594907937863
2016-08-19,-0.001440316046492529
2016-08-22,-0.0005632203382069934
2016-08-23,0.0019517648352453953
2016-08-24,-0.005240294480771901
2016-08-25,-0.001365241054683275
2016-08-26,-0.0015788480393283955
2016-08-29,0.005228119352340244
2016-08-30,-0.0019537878718389745
2016-08-31,-0.0023757880999210057
2016-09-01,-4.145650521647504e-05
2016-09-02,0.004201100024874949
2016-09-06,0.002981678730997528
2016-09-07,-0.00014635395704520882
2016-09-08,-0.002223076078603392
2016-09-09,-0.024522073992573334
2016-09-12,0.014677062331693191
2016-09-13,-0.014830665480954464
2016-09-14,-0.0005876766556026647
2016-09-15,0.01010927804983619
2016-09-16,-0.0037722492851356426
2016-09-19,-1.8698928551330596e-05
2016-09-20,0.00029918845132592686
2016-09-21,0.010917112199498868
2016-09-22,0.006499870557343135
2016-09-23,-0.005736778768866024
2016-09-26,-0.00858783474770064
2016-09-27,0.006444247705139627
2016-09-28,0.005296467941090732
2016-09-29,-0.00932130406149101
2016-09-30,0.007967905240501505
2016-10-03,-0.003260664031693561
2016-10-04,-0.004955580233203749
2016-10-05,0.004296695171798204
2016-10-06,0.0004815416741907885
2016-10-07,-0.0032534698278855467
2016-10-10,0.004605941292820992
2016-10-11,-0.012446502685264704
2016-10-12,0.0011466118788989732
2016-10-13,-0.0030993184304264343
2016-10-14,0.00020163653841631657
2016-10-17,-0.0030380031692749387
2016-10-18,0.006160357394780158
2016-10-19,0.0021919985043934442
2016-10-20,-0.0013757467506726462
2016-10-21,-8.405951413614776e-05
2016-10-24,0.004749761811354558
2016-10-25,-0.0037976507555791406
2016-10-26,-0.0017404206872095873
2016-10-27,-0.0029867768517781723
2016-10-28,-0.003108239882983921
2016-10-31,-0.00012227181023405365
2016-11-01,-0.006786915316417175
2016-11-02,-0.00652548633341532
2016-11-03,-0.0044233867508127744
2016-11-04,-0.0016661400132141901
2016-11-07,0.022223501088635134
2016-11-08,0.003771956162738288
2016-11-09,0.011077043878180648
2016-11-10,0.0019507595018628532
2016-11-11,-0.0013979367745031723
2016-11-14,-0.00011550278361704969
2016-11-15,0.007480824323075508
2016-11-16,-0.0015822857378724464
2016-11-17,0.004676288735564471
2016-11-18,-0.002386700318226631
2016-11-21,0.007461386864659136
2016-11-22,0.0021654277629676866
2016-11-23,0.0008080111124224576
2016-11-25,0.003914329257229898
2016-11-28,-0.005254478505433036
2016-11-29,0.00133531965917566
2016-11-30,-0.0026534703763845258
2016-12-01,-0.0035155379500729778
2016-12-02,0.0003970644613615626
2016-12-05,0.005821300668354734
2016-12-06,0.0034108794353906458
2016-12-07,0.013163188276083426
2016-12-08,0.002159412853860454
2016-12-09,0.005938945503274562
2016-12-12,-0.0011374046815045835
2016-12-13,0.006539770310506121
2016-12-14,-0.008117197541950394
2016-12-15,0.003883228005396644
2016-12-16,-0.0017506399119374683
2016-12-19,0.001975138060378967
2016-12-20,0.0036375208284531446
2016-12-21,-0.002457327062305281
2016-12-22,-0.00186298660592088
2016-12-23,0.0012516807020026555
2016-12-27,0.002248441772426002
2016-12-28,-0.00835654596100277
2016-12-29,-0.00029334376333378653
2016-12-30,-0.004637080639855018
2017-01-03,0.008486575577422162
2017-01-04,0.00572230858833489
2017-01-05,-0.0007706704833204681
2017-01-06,0.00351696782723665
2017-01-09,-0.0035485599346501973
2017-01-10,0.0
2017-01-11,0.002829564987438804
2017-01-12,-0.002144753265474808
2017-01-13,0.0018498617008155804
2017-01-17,-0.0029675025498540064
2017-01-18,0.0017637539739581154
2017-01-19,-0.0036093296770529637
2017-01-20,0.003366185299223723
2017-01-23,-0.0026900775323491777
2017-01-24,0.006564541762317022
2017-01-25,0.008026069375062894
2017-01-26,-0.0007353037152416642
2017-01-27,-0.000866468119198105
2017-01-30,-0.006009526341248739
2017-01-31,-0.0008899995615766487
2017-02-01,0.00029839350204285964
2017-02-02,0.0005702879954376794
2017-02-03,0.007264835478001608
2017-02-06,-0.002115416423640437
2017-02-07,0.00022682067208701362
2017-02-08,0.0006933905489561187
2017-02-09,0.0057524611382027135
2017-02-10,0.0035660587468098193
2017-02-13,0.005245887483269263
2017-02-14,0.004007301621389514
2017-02-15,0.004992342508064018
2017-02-16,-0.0008641055656061214
2017-02-17,0.0016785814708464297
2017-02-21,0.00604807839534538
2017-02-22,-0.0010822785345272479
2017-02-23,0.00041899086684549225
2017-02-24,0.001493351834538359
2017-02-27,0.001018020225231675
2017-02-28,-0.0025783310475788745
2017-03-01,0.013673825117192173
2017-03-02,-0.0058598641045760624
2017-03-03,0.0005037952576072424
2017-03-06,-0.0032772164221692712
2017-03-07,-0.0029133039476952893
2017-03-08,-0.0022842521713062336
2017-03-09,0.0007998374933346764
2017-03-10,0.0032686786165836423
2017-03-13,0.00036668633566550035
2017-03-14,-0.0033790189048102937
2017-03-15,0.008374727853051489
2017-03-16,-0.001626657052061442
2017-03-17,-0.0013143639402364293
2017-03-20,-0.00200988121517931
2017-03-21,-0.012407993359932812
2017-03-22,0.0018899156150544716
2017-03-23,-0.0010602737976110888
2017-03-24,-0.0008440041603438031
2017-03-27,-0.0010196332733214408
2017-03-28,0.007251482966702083
2017-03-29,0.0010854034436120763
2017-03-30,0.0029350353432466836
2017-03-31,-0.002255010430479043
2017-04-03,-0.0016421751202002621
2017-04-04,0.0005595970900948988
2017-04-05,-0.0030548776354145657
2017-04-06,0.0019294927644020188
2017-04-07,-0.0008271509105022279
2017-04-10,0.0006877403907383783
2017-04-11,-0.0014339289653649834
2017-04-12,-0.0037599095922304926
2017-04-13,-0.006814702357852864
2017-04-17,0.008613323600764389
2017-04-18,-0.0029033507733046138
2017-04-19,-0.0017163423974997372
2017-04-20,0.007557192163101911
2017-04-21,-0.0030350108666123976
2017-04-24,0.010840085324159476
2017-04-25,0.006090600846618832
2017-04-26,-0.0004856380907726221
2017-04-27,0.0005528911600243269
2017-04-28,-0.0019131184668260692
2017-05-01,0.00173223722842053
2017-05-02,0.001189115406999841
2017-05-03,-0.0012713441536987835
2017-05-04,0.000582045366039452
2017-05-05,0.004088687267735702
2017-05-08,3.751109703298283e-05
2017-05-09,-0.0010252648600889147
2017-05-10,0.0011306176259533451
2017-05-11,-0.002162833436821554
2017-05-12,-0.0014784250179582514
2017-05-15,0.004776444016897363
2017-05-16,-0.0006868360584768585
2017-05-17,-0.01817825856948263
2017-05-18,0.0036868431882495223
2017-05-19,0.00676749573068669
2017-05-22,0.005160114706536767
2017-05-23,0.0018379127993919386
2017-05-24,0.0024891386829661855
2017-05-25,0.004441875070184231
2017-05-26,0.0003105500047617671
2017-05-30,-0.0012045599423798903
2017-05-31,-0.00046002544645251664
2017-06-01,0.007571108715482167
2017-06-02,0.003707727381216941
2017-06-05,-0.0012176772294358873
2017-06-06,-0.0027790320594393014
2017-06-07,0.001568333655781684
2017-06-08,0.0002671445128517025
2017-06-09,-0.0008299812227020587
2017-06-12,-0.000978710980068076
2017-06-13,0.004511420562363311
2017-06-14,-0.0009957588050893973
2017-06-15,-0.002239614097263254
2017-06-16,0.00028366345181418673
2017-06-19,0.00834720424141544
2017-06-20,-0.006696665117833511
2017-06-21,-0.0005826764545369123
2017-06-22,-0.00045573798760889517
2017-06-23,0.0015608954610804027
2017-06-26,0.00031579379075585834
2017-06-27,-0.008072749039592986
2017-06-28,0.0088080417296994
2017-06-29,-0.008600027041533398
2017-06-30,0.0015332479232963436
2017-07-03,0.0023107934687074394
2017-07-05,0.0014532669688471778
2017-07-06,-0.00936880791271677
2017-07-07,0.006403153854134258
2017-07-10,0.0009277661864273146
2017-07-11,-0.0007827208199616686
2017-07-12,0.007305619802682184
2017-07-13,0.00187455233807432
2017-07-14,0.0046735271648765675
2017-07-17,-5.286121491343554e-05
2017-07-18,0.0005977699520971491
2017-07-19,0.0053726514969865136
2017-07-20,-0.00015360796821128897
2017-07-21,-0.0003679071741898854
2017-07-24,-0.0010636834995592093
2017-07-25,0.002923183435833865
2017-07-26,0.0002825850883885206
2017-07-27,-0.0009726252406339064
2017-07-28,-0.0013411865461215866
2017-07-31,-0.0007281258848751415
2017-08-01,0.002449095251588762
2017-08-02,0.0004926605689827834
2017-08-03,-0.0021835911800677232
2017-08-04,0.0018890363083294837
2017-08-07,0.001647266869345021
2017-08-08,-0.002414436638168982
2017-08-09,-0.0003636481179190021
2017-08-10,-0.01447441815345063
2017-08-11,0.0012755258980974293
2017-08-14,0.01004374682548792
2017-08-15,-0.0004988158193557357
2017-08-16,0.0014201029777529683
2017-08-17,-0.015436913265616137
2017-08-18,-0.0018353833934839914
2017-08-21,0.0011626229102676966
2017-08-22,0.009940824503679613
2017-08-23,-0.003453604674394928
2017-08-24,-0.002074434133647607
2017-08-25,0.0016728373042720346
2017-08-28,0.00048709604797259054
2017-08-29,0.0008427977612674997
2017-08-30,0.004615133058087695
2017-08-31,0.005721051924853171
2017-09-01,0.0019824813383773066
2017-09-05,-0.007550826754961659
2017-09-06,0.003128750737433128
2017-09-07,-0.00017845989113951521
2017-09-08,-0.001488783416494277
2017-09-11,0.01083922760346634
2017-09-12,0.003363999180100441
2017-09-13,0.0007570659488558285
2017-09-14,-0.0011007176679195263
2017-09-15,0.0018472363580994688
2017-09-18,0.0014558660603223306
2017-09-19,0.0011102812845715793
2017-09-20,0.0006343127281429606
2017-09-21,-0.003045960514145296
2017-09-22,0.0006478445173156988
2017-09-25,-0.002222026840165925
2017-09-26,7.209632068461147e-05
2017-09-27,0.004085163646849521
2017-09-28,0.0012046078243665992
2017-09-29,0.0037050907149631662
2017-10-02,0.0038739997459671383
2017-10-03,0.002158853672423522
2017-10-04,0.0012467548864110167
2017-10-05,0.005646756562926125
2017-10-06,-0.0010736382622734686
2017-10-09,-0.001804395664743219
2017-10-10,0.002322446782173193
2017-10-11,0.001803468933287311
2017-10-12,-0.0016867300136190755
2017-10-13,0.0008781111202582625
2017-10-16,0.0017507647356032052
2017-10-17,0.0006724949562879612
2017-10-18,0.0007423730932734074
2017-10-19,0.0003279635804251946
2017-10-20,0.005116896296007312
2017-10-23,-0.0039724915637947555
2017-10-24,0.0016179463387628878
2017-10-25,-0.004663057143858063
2017-10-26,0.0012709461705413538
2017-10-27,0.008072957350414134
2017-10-30,-0.0031924744388955872
2017-10-31,0.0009444852555358096
2017-11-01,0.001592072256781707
2017-11-02,0.00018996960486306058
2017-11-03,0.0030970792875555375
2017-11-06,0.0012713305304810074
2017-11-07,-0.00018910668318461443
2017-11-08,0.0014436587098169973
2017-11-09,-0.003761977813581785
2017-11-10,-0.0008976174447306029
2017-11-13,0.0009836192541532451
2017-11-14,-0.002309620711533511
2017-11-15,-0.005525675974360822
2017-11-16,0.008196146017733552
2017-11-17,-0.0026260422951377427
2017-11-20,0.001275762452255913
2017-11-21,0.006541086075890767
2017-11-22,-0.0007502799121211767
2017-11-24,0.002056155374497548
2017-11-27,-0.0003842577293442506
2017-11-28,0.00984846737551015
2017-11-29,-0.00036923685973555553
2017-11-30,0.008190946928299692
2017-12-01,-0.00202449028924534
2017-12-04,-0.0010521455442770167
2017-12-05,-0.003739429575970621
2017-12-06,-0.00011408709408766704
2017-12-07,0.0029323728639507607
2017-12-08,0.005506298872194781
2017-12-11,0.0032019611540636816
2017-12-12,0.0015488780033008354
2017-12-13,-0.0004729534441145766
2017-12-14,-0.004070826370242253
2017-12-15,0.008974325134520456
2017-12-18,0.005362862086620401
2017-12-19,-0.003230291135099761
2017-12-20,-0.0008279040973793172
2017-12-21,0.0019856303069889503
2017-12-22,-0.0004581739347455649
2017-12-26,-0.0010583824636460903
2017-12-27,0.00079089722066783
2017-12-28,0.0018340279279212002
2017-12-29,-0.005183178668968558
2018-01-02,0.008303380074131894
2018-01-03,0.006398818907860759
2018-01-04,0.004028661363921104
2018-01-05,0.007033799683552555
2018-01-08,0.0016623225124401397
2018-01-09,0.0013029031448006378
2018-01-10,-0.0011122055472160275
2018-01-11,0.007033618001404562
2018-01-12,0.006749627831013516
2018-01-16,-0.0035244630756861017
2018-01-17,0.009415002053003496
2018-01-18,-0.001616379310344751
2018-01-19,0.004385228178396927
2018-01-22,0.008066754439027823
2018-01-23,0.002174396481431362
2018-01-24,-0.0005600307136341964
2018-01-25,0.0006026346765155566
2018-01-26,0.011841155234656897
2018-01-29,-0.006731944014173874
2018-01-30,-0.010898781509218525
2018-01-31,0.0004889403811609849
2018-02-01,-0.0006480605989779287
2018-02-02,-0.021208513171602883
2018-02-05,-0.040979244278871785
2018-02-06,0.017440938639606607
2018-02-07,-0.0050015954644285765
2018-02-08,-0.037536451302551344
2018-02-09,0.014936071290197583
2018-02-12,0.013914603653299107
2018-02-13,0.0026129518072288693
2018-02-14,0.013402479965752168
2018-02-15,0.0120690869070601
2018-02-16,0.0003734622144111466
2018-02-20,-0.005841403693699454
2018-02-21,-0.00549652831466807
2018-02-22,0.0009735944886408721
2018-02-23,0.016028343614550522
2018-02-26,0.011756997779638123
2018-02-27,-0.012706864297021059
2018-02-28,-0.011095806550352139
2018-03-01,-0.013324342350110263
2018-03-02,0.005071573420174946
2018-03-05,0.011032048304691067
2018-03-06,0.0026387939462098053
2018-03-07,-0.00048384968403136774
2018-03-08,0.00446310693853591
2018-03-09,0.017378795678667736
2018-03-12,-0.001273967637633433
2018-03-13,-0.00636359063175973
2018-03-14,-0.005724493818052956
2018-03-15,-0.0007819660444884358
2018-03-16,0.0017034720983646334
2018-03-19,-0.014204163502312905
2018-03-20,0.001481798210046792
2018-03-21,-0.001843986249236318
2018-03-22,-0.02516289137256489
2018-03-23,-0.020966906104724736
2018-03-26,0.0271572407717926
2018-03-27,-0.017276334844182117
2018-03-28,-0.0029166124426820428
2018-03-29,0.01376967370441462
2018-04-02,-0.02233733580221664
2018-04-03,0.01261483879963432
2018-04-04,0.011566486259060316
2018-04-05,0.00686280811739759
2018-04-06,-0.02192020549488527
2018-04-09,0.003336571356168383
2018-04-10,0.01672687474169199
2018-04-11,-0.005525298565605352
2018-04-12,0.008250731400845313
2018-04-13,-0.0028866474724003055
2018-04-16,0.008109023830139561
2018-04-17,0.01066157798822931
2018-04-18,0.0008313657676830566
2018-04-19,-0.005726120857699746
2018-04-20,-0.008536535555283331
2018-04-23,5.617682967939963e-05
2018-04-24,-0.01338056915166519
2018-04-25,0.0018371189116968
2018-04-26,0.01043418958854292
2018-04-27,0.0011136358523251566
2018-04-30,-0.008187541902161422
2018-05-01,0.0025490455240648746
2018-05-02,-0.007205815880669042
2018-05-03,-0.0022536964035709817
2018-05-04,0.012811201149927953
2018-05-07,0.003457960066380883
2018-05-08,-0.0002656559269333947
2018-05-09,0.009682176113057217
2018-05-10,0.009370632999603501
2018-05-11,0.0017076314600799058
2018-05-14,0.0008835217690965624
2018-05-15,-0.006842165025108815
2018-05-16,0.004060558004020054
2018-05-17,-0.000855843612027285
2018-05-18,-0.002632227136203147
2018-05-21,0.007386738519040259
2018-05-22,-0.0031357367883761977
2018-05-23,0.003248373977771557
2018-05-24,-0.002023202806873625
2018-05-25,-0.002357245505469785
2018-05-29,-0.011564198388288038
2018-05-30,0.01269582803565994
2018-05-31,-0.006879563584568427
2018-06-01,0.01084919435028664
2018-06-04,0.0044795986279628774
2018-06-05,0.0007026178887243884
2018-06-06,0.00856737485448189
2018-06-07,-0.0007141955380813858
2018-06-08,0.0031259362467830343
2018-06-11,0.0010687182218256375
2018-06-12,0.0017433501078361058
2018-06-13,-0.004026050917702695
2018-06-14,0.002471510972283708
2018-06-15,-0.0010170746345898873
2018-06-18,-0.0021261593144484836
2018-06-19,-0.004023433979269853
2018-06-20,0.0017121614137458607
2018-06-21,-0.006345489498865264
2018-06-22,0.0018619806819504259
2018-06-25,-0.013724735741665661
2018-06-26,0.0022045806696182613
2018-06-27,-0.008604290761129008
2018-06-28,0.006178624478169192
2018-06-29,0.0007583817752760957
2018-07-02,0.0030680150237090142
2018-07-03,-0.00494735413740377
2018-07-05,0.00862075320099387
2018-07-06,0.008481296202235589
2018-07-09,0.008823039183714743
2018-07-10,0.0034732074550045677
2018-07-11,-0.007094178621538827
2018-07-12,0.008749035695488905
2018-07-13,0.0010792305300737493
2018-07-16,-0.001028090429120665
2018-07-17,0.00397365665748306
2018-07-18,0.0021604883344306103
2018-07-19,-0.003952948196134454
2018-07-20,-0.0009484790461010695
2018-07-23,0.00183808439484201
2018-07-24,0.004780938945058377
2018-07-25,0.009101545880016992
2018-07-26,-0.003032251490652005
2018-07-27,-0.006562253298748155
2018-07-30,-0.005754180827438504
2018-07-31,0.00488474987511589
2018-08-01,-0.0010403758135703045
2018-08-02,0.004926493587738445
2018-08-03,0.0046441380578801095
2018-08-06,0.0035382963367192044
2018-08-07,0.002824165029469361
2018-08-08,-0.00026237996116773576
2018-08-09,-0.001441718864821362
2018-08-10,-0.0071138709971333425
2018-08-13,-0.004005957759204981
2018-08-14,0.00638924424064391
2018-08-15,-0.00760221974957398
2018-08-16,0.007919471183698512
2018-08-17,0.0033231362802699227
2018-08-20,0.002427959426412052
2018-08-21,0.0020685672284348477
2018-08-22,-0.0003981892866123937
2018-08-23,-0.001691231454109654
2018-08-24,0.0061988533346399866
2018-08-27,0.007670392285776817
2018-08-28,0.0002692682118519141
2018-08-29,0.005701427427593275
2018-08-30,-0.004430275493816138
2018-08-31,0.00013443037712890238
2018-09-04,-0.001654305329620409
2018-09-05,-0.002803170482476691
2018-09-06,-0.0036522883057535926
2018-09-07,-0.0022133041469051262
2018-09-10,0.001897843770893859
2018-09-11,0.0037398379635260603
2018-09-12,0.00035666178420923345
2018-09-13,0.005282250806529776
2018-09-14,0.00027546501938591206
2018-09-17,-0.005569745746958565
2018-09-18,0.005369011354195541
2018-09-19,0.00125330973621951
2018-09-20,0.007840574975498171
2018-09-21,-0.00036850635502849727
2018-09-24,-0.0035157543341060027
2018-09-25,-0.0013050760951849316
2018-09-26,-0.00328924803468289
2018-09-27,0.0027632769780832067
2018-09-28,-6.863417982172493e-06
2018-10-01,0.0036410682297065566
2018-10-02,-0.00039663679353352244
2018-10-03,0.0007114930065028613
2018-10-04,-0.008169515742554312
2018-10-05,-0.005527965508803745
2018-10-08,-0.00039506925841348295
2018-10-09,-0.0014179577940874877
2018-10-10,-0.032864175757028824
2018-10-11,-0.020573073719881707
2018-10-12,0.014206284338267983
2018-10-15,-0.005905035180855278
2018-10-16,0.021495643069809
2018-10-17,-0.0002526762327753618
2018-10-18,-0.014391946490294405
2018-10-19,-0.00036116990154511086
2018-10-22,-0.0042994746692295305
2018-10-23,-0.00551185102399232
2018-10-24,-0.030864490329077787
2018-10-25,0.018625051767629408
2018-10-26,-0.01732721755489608
2018-10-29,-0.006559621467715271
2018-10-30,0.015666824420255576
2018-10-31,0.010851291456518197
2018-11-01,0.0105577968389301
2018-11-02,-0.006316665267828814
2018-11-05,0.005600317290107348
2018-11-06,0.006259335137365651
2018-11-07,0.02120887695294771
2018-11-08,-0.0025089822274502183
2018-11-09,-0.009198989607493102
2018-11-12,-0.019701475363267495
2018-11-13,-0.001481905348797996
2018-11-14,-0.007567464311691308
2018-11-15,0.010593800664796094
2018-11-16,0.0022232803457622463
2018-11-19,-0.016643094431470606
2018-11-20,-0.018151208036480848
2018-11-21,0.00304327583661701
2018-11-23,-0.006554890129173208
2018-11-26,0.015532409517731827
2018-11-27,0.003261703042884756
2018-11-28,0.02297393528374414
2018-11-29,-0.0021831116812874862
2018-11-30,0.008170794068229847
2018-12-03,0.010941355061463431
2018-12-04,-0.03236488351007216
2018-12-06,-0.0015221883958135285
2018-12-07,-0.02332016543333515
2018-12-10,0.001762194844060927
2018-12-11,-0.00035636837875119287
2018-12-12,0.005419488922094429
2018-12-13,-0.00019991927787654795
2018-12-14,-0.019086676677205427
2018-12-17,-0.020773476413007863
2018-12-18,8.641209140813899e-05
2018-12-19,-0.015395733182517968
2018-12-20,-0.015772090500047797
2018-12-21,-0.020588306814405377
2018-12-24,-0.02711224768478282
2018-12-26,0.049593807154098
2018-12-27,0.008562629168861635
2018-12-28,-0.0012415472330372657
2018-12-31,0.008492440882795549
